timestamp,q_edad,q_genero,q_donde_compu,q_que_haces_compu,q_donde_aprendiste_compu,q_que_celu_usas,q_que_haces_celu,q_yt,q_acceso_fotos,q_mandar_fotos,q_borrar_fotos,q_mensaje_sin_wifi,q_gratuidad,q_escuela
3/12/2021 19:15:01,10,f,a_donde_compu_casa,"a_que_haces_compu_videos, a_que_haces_compu_tarea",a_donde_aprendiste_compu_casa,a_que_celu_usas_propio,"a_que_haces_celu_chat, a_que_haces_celu_videos, a_que_haces_celu_telefono",a_yt_1compu,a_acceso_fotos_yoyotros,a_mandar_fotos_enwa,a_borrar_fotos_enelchat,a_mensaje_sin_wifi_directo,"a_gratuidad_publicidades, a_gratuidad_paraquetodoslasusen",a_escuela_piloteo
3/17/2021 21:12:19,9,f,a_donde_compu_casa,a_que_haces_compu_juegos,a_donde_aprendiste_compu_solo,a_que_celu_usas_propio,a_que_haces_celu_redes,a_yt_1compu,a_acceso_fotos_yo,a_mandar_fotos_enwa,a_borrar_fotos_nopuedo,a_mensaje_sin_wifi_nube,a_gratuidad_yatienenplata,a_escuela_piloteo
3/18/2021 21:28:35,10,m,a_donde_compu_casa,a_que_haces_compu_videos,a_donde_aprendiste_compu_escuela,a_que_celu_usas_propio,a_que_haces_celu_juegos,a_yt_muchascompu,a_acceso_fotos_yo,a_mandar_fotos_copia,a_borrar_fotos_enelchat,a_mensaje_sin_wifi_red,a_gratuidad_datos,a_escuela_piloteo
3/26/2021 22:14:29,9,f,a_donde_compu_casa,"a_que_haces_compu_juegos, a_que_haces_compu_videos, a_que_haces_compu_videollamada","a_donde_aprendiste_compu_casa, a_donde_aprendiste_compu_solo",a_que_celu_usas_prestado,"a_que_haces_celu_chat, a_que_haces_celu_telefono, a_que_haces_celu_juegos",a_yt_nose,a_acceso_fotos_yoyotros,a_mandar_fotos_copia,a_borrar_fotos_enelchat,a_mensaje_sin_wifi_directo,"a_gratuidad_datos, a_gratuidad_paraquetodoslasusen",a_escuela_piloteo
4/19/2021 13:40:42,9,f,a_donde_compu_casa,"a_que_haces_compu_juegos, a_que_haces_compu_videos",a_donde_aprendiste_compu_casa,a_que_celu_usas_propio,a_que_haces_celu_chat,a_yt_celular,a_acceso_fotos_yo,a_mandar_fotos_laveenmicelu,a_borrar_fotos_enelchat,a_mensaje_sin_wifi_directo,a_gratuidad_yatienenplata,a_escuela_n83_4to
4/19/2021 13:44:57,8,f,a_donde_compu_casa,"a_que_haces_compu_juegos, a_que_haces_compu_videos, a_que_haces_compu_tarea, a_que_haces_compu_videollamada",a_donde_aprendiste_compu_solo,a_que_celu_usas_propio,"a_que_haces_celu_chat, a_que_haces_celu_redes, a_que_haces_celu_videos, a_que_haces_celu_telefono, a_que_haces_celu_juegos",a_yt_celular,a_acceso_fotos_yo,a_mandar_fotos_enwa,a_borrar_fotos_enelchat,No sé,a_gratuidad_paraquetodoslasusen,a_escuela_n83_4to
4/19/2021 13:45:11,9,m,a_donde_compu_casa,"a_que_haces_compu_juegos, a_que_haces_compu_videos","a_donde_aprendiste_compu_casa, a_donde_aprendiste_compu_solo",a_que_celu_usas_propio,"a_que_haces_celu_chat, a_que_haces_celu_redes, a_que_haces_celu_videos, a_que_haces_celu_telefono, a_que_haces_celu_juegos",a_yt_nube,a_acceso_fotos_yoyotros,a_mandar_fotos_copia,a_borrar_fotos_nopuedo,a_mensaje_sin_wifi_red,a_gratuidad_publicidades,a_escuela_n83_4to
4/19/2021 13:45:27,9,f,a_donde_compu_casa,a_que_haces_compu_videollamada,a_donde_aprendiste_compu_escuela,a_que_celu_usas_propio,"a_que_haces_celu_telefono, a_que_haces_celu_juegos",a_yt_nube,a_acceso_fotos_yo,a_mandar_fotos_copia,a_borrar_fotos_nopuedo,a_mensaje_sin_wifi_red,a_gratuidad_publicidades,a_escuela_n83_4to
4/19/2021 13:51:30,9,f,a_donde_compu_casa,"a_que_haces_compu_juegos, a_que_haces_compu_tarea",a_donde_aprendiste_compu_casa,a_que_celu_usas_propio,"a_que_haces_celu_chat, a_que_haces_celu_redes",a_yt_celular,a_acceso_fotos_yo,a_mandar_fotos_enwa,a_borrar_fotos_enelchat,a_mensaje_sin_wifi_red,a_gratuidad_yatienenplata,a_escuela_n83_4to
4/19/2021 14:25:20,9,f,a_donde_compu_casa,"a_que_haces_compu_tarea, a_que_haces_compu_videollamada",a_donde_aprendiste_compu_casa,a_que_celu_usas_prestado,"a_que_haces_celu_chat, a_que_haces_celu_telefono",a_yt_nose,a_acceso_fotos_yo,a_mandar_fotos_copia,a_borrar_fotos_enelchat,No sé,"a_gratuidad_datos, a_gratuidad_publicidades",a_escuela_n83_4to
4/19/2021 14:41:03,9,m,a_donde_compu_casa,"a_que_haces_compu_juegos, a_que_haces_compu_videos, a_que_haces_compu_tarea, a_que_haces_compu_videollamada",a_donde_aprendiste_compu_casa,a_que_celu_usas_prestado,"a_que_haces_celu_chat, a_que_haces_celu_redes, a_que_haces_celu_videos, a_que_haces_celu_telefono, a_que_haces_celu_juegos",a_yt_1compu,a_acceso_fotos_yoyotros,a_mandar_fotos_copia,a_borrar_fotos_nose,a_mensaje_sin_wifi_directo,a_gratuidad_paraquetodoslasusen,a_escuela_n83_4to
4/19/2021 14:41:09,9,m,a_donde_compu_casa,"a_que_haces_compu_juegos, a_que_haces_compu_videos, a_que_haces_compu_tarea",a_donde_aprendiste_compu_casa,a_que_celu_usas_propio,"a_que_haces_celu_redes, a_que_haces_celu_juegos",a_yt_nose,a_acceso_fotos_yo,a_mandar_fotos_nose,a_borrar_fotos_enelchat,No sé,a_gratuidad_publicidades,a_escuela_n83_4to
4/19/2021 14:41:39,9,m,a_donde_compu_casa,"a_que_haces_compu_juegos, a_que_haces_compu_videos, a_que_haces_compu_tarea, a_que_haces_compu_videollamada",a_donde_aprendiste_compu_casa,a_que_celu_usas_propio,"a_que_haces_celu_chat, a_que_haces_celu_videos, a_que_haces_celu_telefono, a_que_haces_celu_juegos",a_yt_muchisimascompu,a_acceso_fotos_yo,a_mandar_fotos_copia,a_borrar_fotos_enelchat,a_mensaje_sin_wifi_red,a_gratuidad_publicidades,a_escuela_n83_4to
4/19/2021 14:41:43,9,m,a_donde_compu_casa,"a_que_haces_compu_tarea, a_que_haces_compu_videollamada","a_donde_aprendiste_compu_casa, a_donde_aprendiste_compu_escuela",a_que_celu_usas_propio,"a_que_haces_celu_chat, a_que_haces_celu_telefono, a_que_haces_celu_juegos",a_yt_nube,a_acceso_fotos_nose,a_mandar_fotos_enwa,a_borrar_fotos_nose,No sé,a_gratuidad_publicidades,a_escuela_n83_4to
4/19/2021 14:42:35,10,m,a_donde_compu_casa,a_que_haces_compu_juegos,a_donde_aprendiste_compu_escuela,a_que_celu_usas_prestado,a_que_haces_celu_videos,a_yt_nose,a_acceso_fotos_yo,a_mandar_fotos_nose,a_borrar_fotos_enelchat,a_mensaje_sin_wifi_red,a_gratuidad_datos,a_escuela_n83_4to
4/19/2021 14:43:34,10,f,a_donde_compu_casa,"a_que_haces_compu_juegos, a_que_haces_compu_videos","a_donde_aprendiste_compu_casa, a_donde_aprendiste_compu_escuela",a_que_celu_usas_propio,"a_que_haces_celu_videos, a_que_haces_celu_telefono",a_yt_nose,a_acceso_fotos_yoyotros,a_mandar_fotos_nose,a_borrar_fotos_enelchat,a_mensaje_sin_wifi_red,a_gratuidad_todoeninternetesgratis,a_escuela_n83_4to
4/19/2021 14:48:59,9,m,a_donde_compu_casa,"a_que_haces_compu_juegos, a_que_haces_compu_videos, a_que_haces_compu_tarea","a_donde_aprendiste_compu_casa, a_donde_aprendiste_compu_solo",a_que_celu_usas_prestado,"a_que_haces_celu_videos, a_que_haces_celu_creativas",a_yt_nose,a_acceso_fotos_yo,a_mandar_fotos_nose,a_borrar_fotos_enelchat,No sé,"a_gratuidad_yatienenplata, a_gratuidad_datos, a_gratuidad_publicidades, a_gratuidad_todoeninternetesgratis",a_escuela_n83_4to
4/19/2021 14:49:55,10,m,a_donde_compu_casa,"a_que_haces_compu_juegos, a_que_haces_compu_videos, a_que_haces_compu_tarea",a_donde_aprendiste_compu_solo,a_que_celu_usas_propio,"a_que_haces_celu_chat, a_que_haces_celu_redes, a_que_haces_celu_videos, a_que_haces_celu_juegos",a_yt_nose,a_acceso_fotos_yo,a_mandar_fotos_laveenmicelu,a_borrar_fotos_nose,a_mensaje_sin_wifi_antena,a_gratuidad_publicidades,a_escuela_n83_5to
4/19/2021 14:56:19,10,m,a_donde_compu_casa,"a_que_haces_compu_tarea, a_que_haces_compu_videollamada",a_donde_aprendiste_compu_solo,a_que_celu_usas_propio,"a_que_haces_celu_chat, a_que_haces_celu_videos, a_que_haces_celu_telefono, a_que_haces_celu_juegos",a_yt_nube,a_acceso_fotos_yo,a_mandar_fotos_enwa,a_borrar_fotos_enelchat,No sé,a_gratuidad_paraquetodoslasusen,a_escuela_n83_5to
4/19/2021 15:08:29,9,m,a_donde_compu_casa,"a_que_haces_compu_juegos, a_que_haces_compu_videos","a_donde_aprendiste_compu_casa, a_donde_aprendiste_compu_solo",a_que_celu_usas_propio,"a_que_haces_celu_chat, a_que_haces_celu_redes, a_que_haces_celu_videos, a_que_haces_celu_telefono, a_que_haces_celu_juegos",a_yt_nube,a_acceso_fotos_yoyotros,a_mandar_fotos_copia,a_borrar_fotos_nopuedo,a_mensaje_sin_wifi_red,a_gratuidad_publicidades,a_escuela_n83_4to
4/19/2021 15:09:32,9,m,a_donde_compu_casa,a_que_haces_compu_videollamada,a_donde_aprendiste_compu_casa,a_que_celu_usas_nouso,a_que_haces_celu_nouso,a_yt_nube,a_acceso_fotos_nose,a_mandar_fotos_nose,a_borrar_fotos_nose,No sé,a_gratuidad_paraquetodoslasusen,a_escuela_n83_4to
4/19/2021 15:10:28,10,f,a_donde_compu_casa,"a_que_haces_compu_juegos, a_que_haces_compu_creativas",a_donde_aprendiste_compu_solo,a_que_celu_usas_propio,"a_que_haces_celu_chat, a_que_haces_celu_redes, a_que_haces_celu_videos, a_que_haces_celu_telefono, a_que_haces_celu_juegos",a_yt_nube,a_acceso_fotos_yo,a_mandar_fotos_copia,a_borrar_fotos_nopuedo,No sé,a_gratuidad_publicidades,a_escuela_n83_4to
4/19/2021 15:11:58,9,f,a_donde_compu_casa,"a_que_haces_compu_juegos, a_que_haces_compu_videos, a_que_haces_compu_tarea, a_que_haces_compu_videollamada",a_donde_aprendiste_compu_solo,a_que_celu_usas_nouso,"a_que_haces_celu_chat, a_que_haces_celu_videos, a_que_haces_celu_telefono, a_que_haces_celu_juegos",a_yt_1compu,a_acceso_fotos_yo,a_mandar_fotos_enwa,a_borrar_fotos_enelchat,a_mensaje_sin_wifi_directo,a_gratuidad_paraquetodoslasusen,a_escuela_n83_4to
4/19/2021 15:12:07,10,f,a_donde_compu_casa,"a_que_haces_compu_juegos, a_que_haces_compu_tarea",a_donde_aprendiste_compu_casa,a_que_celu_usas_propio,"a_que_haces_celu_chat, a_que_haces_celu_juegos",a_yt_nose,a_acceso_fotos_yo,a_mandar_fotos_enwa,a_borrar_fotos_enelchat,a_mensaje_sin_wifi_antena,a_gratuidad_publicidades,a_escuela_n83_5to
4/19/2021 15:27:06,8,f,a_donde_compu_escuela,"a_que_haces_compu_tarea, a_que_haces_compu_videollamada","a_donde_aprendiste_compu_casa, a_donde_aprendiste_compu_escuela",a_que_celu_usas_nouso,a_que_haces_celu_nouso,a_yt_nube,a_acceso_fotos_yo,a_mandar_fotos_copia,a_borrar_fotos_nopuedo,a_mensaje_sin_wifi_antena,a_gratuidad_publicidades,a_escuela_n83_4to
4/19/2021 15:28:41,9,m,a_donde_compu_casa,"a_que_haces_compu_juegos, a_que_haces_compu_videos","a_donde_aprendiste_compu_casa, a_donde_aprendiste_compu_solo",a_que_celu_usas_propio,"a_que_haces_celu_chat, a_que_haces_celu_redes, a_que_haces_celu_videos, a_que_haces_celu_telefono, a_que_haces_celu_juegos",a_yt_nube,a_acceso_fotos_yoyotros,a_mandar_fotos_copia,a_borrar_fotos_nopuedo,a_mensaje_sin_wifi_red,a_gratuidad_publicidades,a_escuela_n83_4to
4/19/2021 15:31:38,10,f,a_donde_compu_casa,"a_que_haces_compu_juegos, a_que_haces_compu_tarea, a_que_haces_compu_videollamada, a_que_haces_compu_creativas","a_donde_aprendiste_compu_escuela, a_donde_aprendiste_compu_solo",a_que_celu_usas_prestado,"a_que_haces_celu_chat, a_que_haces_celu_telefono, a_que_haces_celu_juegos, a_que_haces_celu_creativas",a_yt_nube,a_acceso_fotos_yoyotros,a_mandar_fotos_copia,a_borrar_fotos_nopuedo,a_mensaje_sin_wifi_satelite,a_gratuidad_publicidades,a_escuela_n83_5to
4/19/2021 15:44:04,10,f,a_donde_compu_casa,"a_que_haces_compu_juegos, a_que_haces_compu_tarea, a_que_haces_compu_videollamada",a_donde_aprendiste_compu_solo,a_que_celu_usas_prestado,"a_que_haces_celu_chat, a_que_haces_celu_telefono, a_que_haces_celu_juegos",a_yt_nube,a_acceso_fotos_yo,a_mandar_fotos_enwa,a_borrar_fotos_enelchat,a_mensaje_sin_wifi_antena,a_gratuidad_paraquetodoslasusen,a_escuela_n83_5to
4/19/2021 15:45:38,10,f,a_donde_compu_casa,"a_que_haces_compu_juegos, a_que_haces_compu_videos, a_que_haces_compu_tarea",a_donde_aprendiste_compu_casa,a_que_celu_usas_propio,"a_que_haces_celu_chat, a_que_haces_celu_redes, a_que_haces_celu_videos, a_que_haces_celu_juegos",a_yt_nose,a_acceso_fotos_yo,a_mandar_fotos_enwa,a_borrar_fotos_enelchat,No sé,a_gratuidad_yatienenplata,a_escuela_n83_5to
4/19/2021 15:45:51,10,f,a_donde_compu_casa,"a_que_haces_compu_juegos, a_que_haces_compu_videos, a_que_haces_compu_tarea, a_que_haces_compu_videollamada",a_donde_aprendiste_compu_solo,a_que_celu_usas_propio,"a_que_haces_celu_chat, a_que_haces_celu_redes, a_que_haces_celu_videos, a_que_haces_celu_telefono, a_que_haces_celu_juegos",a_yt_muchisimascompu,a_acceso_fotos_yo,a_mandar_fotos_enwa,a_borrar_fotos_nopuedo,a_mensaje_sin_wifi_satelite,a_gratuidad_publicidades,a_escuela_n83_5to
4/19/2021 15:47:35,10,m,a_donde_compu_familiar,"a_que_haces_compu_juegos, a_que_haces_compu_videos","a_donde_aprendiste_compu_escuela, a_donde_aprendiste_compu_solo",a_que_celu_usas_propio,a_que_haces_celu_juegos,a_yt_celular,a_acceso_fotos_yoyotros,a_mandar_fotos_enwa,a_borrar_fotos_nopuedo,a_mensaje_sin_wifi_antena,a_gratuidad_publicidades,a_escuela_n83_5to
4/19/2021 15:48:25,10,m,a_donde_compu_escuela,"a_que_haces_compu_juegos, a_que_haces_compu_videos, a_que_haces_compu_tarea","a_donde_aprendiste_compu_escuela, a_donde_aprendiste_compu_solo",a_que_celu_usas_propio,"a_que_haces_celu_chat, a_que_haces_celu_redes, a_que_haces_celu_videos, a_que_haces_celu_telefono, a_que_haces_celu_juegos",a_yt_nube,a_acceso_fotos_yo,a_mandar_fotos_enwa,a_borrar_fotos_nopuedo,a_mensaje_sin_wifi_red,a_gratuidad_publicidades,a_escuela_n83_5to
4/19/2021 15:50:07,10,f,a_donde_compu_casa,"a_que_haces_compu_juegos, a_que_haces_compu_videos, a_que_haces_compu_tarea",a_donde_aprendiste_compu_casa,a_que_celu_usas_prestado,"a_que_haces_celu_chat, a_que_haces_celu_redes",a_yt_nose,a_acceso_fotos_yoyotros,a_mandar_fotos_enwa,a_borrar_fotos_nopuedo,No sé,a_gratuidad_paraquetodoslasusen,a_escuela_n83_5to
4/19/2021 15:50:15,10,f,a_donde_compu_casa,"a_que_haces_compu_juegos, a_que_haces_compu_videollamada",a_donde_aprendiste_compu_casa,a_que_celu_usas_nouso,a_que_haces_celu_juegos,a_yt_nube,a_acceso_fotos_nose,a_mandar_fotos_nose,a_borrar_fotos_enelchat,a_mensaje_sin_wifi_red,a_gratuidad_publicidades,a_escuela_n83_5to
4/19/2021 15:50:33,10,f,a_donde_compu_casa,a_que_haces_compu_videollamada,a_donde_aprendiste_compu_solo,a_que_celu_usas_propio,a_que_haces_celu_redes,a_yt_nube,a_acceso_fotos_yo,a_mandar_fotos_copia,a_borrar_fotos_nopuedo,No sé,a_gratuidad_paratenermasinstalaciones,a_escuela_n83_5to
4/19/2021 15:50:59,9,f,a_donde_compu_casa,a_que_haces_compu_juegos,a_donde_aprendiste_compu_casa,a_que_celu_usas_prestado,a_que_haces_celu_juegos,a_yt_celular,a_acceso_fotos_yo,a_mandar_fotos_enwa,a_borrar_fotos_enelchat,a_mensaje_sin_wifi_satelite,a_gratuidad_todoeninternetesgratis,a_escuela_n83_5to
4/19/2021 15:52:28,10,m,a_donde_compu_casa,a_que_haces_compu_juegos,a_donde_aprendiste_compu_escuela,a_que_celu_usas_propio,"a_que_haces_celu_chat, a_que_haces_celu_redes, a_que_haces_celu_telefono, a_que_haces_celu_juegos",a_yt_nube,a_acceso_fotos_yo,a_mandar_fotos_nose,a_borrar_fotos_nopuedo,a_mensaje_sin_wifi_red,"a_gratuidad_paraquetodoslasusen, a_gratuidad_todoeninternetesgratis, a_gratuidad_notodoesgratis",a_escuela_n83_5to
4/19/2021 15:53:04,9,f,a_donde_compu_casa,"a_que_haces_compu_juegos, a_que_haces_compu_videos",a_donde_aprendiste_compu_solo,a_que_celu_usas_propio,"a_que_haces_celu_videos, a_que_haces_celu_juegos",a_yt_nube,a_acceso_fotos_yo,a_mandar_fotos_laveenmicelu,a_borrar_fotos_enelchat,No sé,a_gratuidad_paraquetodoslasusen,a_escuela_n83_5to
4/19/2021 16:07:53,10,m,a_donde_compu_casa,"a_que_haces_compu_juegos, a_que_haces_compu_videos",a_donde_aprendiste_compu_solo,a_que_celu_usas_propio,"a_que_haces_celu_videos, a_que_haces_celu_juegos",a_yt_1compu,a_acceso_fotos_yoyotros,a_mandar_fotos_enwa,a_borrar_fotos_enelchat,a_mensaje_sin_wifi_directo,a_gratuidad_todoeninternetesgratis,a_escuela_n83_5to
4/19/2021 16:10:01,10,m,a_donde_compu_casa,"a_que_haces_compu_juegos, a_que_haces_compu_videos",a_donde_aprendiste_compu_solo,a_que_celu_usas_propio,"a_que_haces_celu_videos, a_que_haces_celu_juegos",a_yt_1compu,a_acceso_fotos_yoyotros,a_mandar_fotos_enwa,a_borrar_fotos_enelchat,a_mensaje_sin_wifi_satelite,a_gratuidad_todoeninternetesgratis,a_escuela_n83_5to
4/19/2021 16:11:43,10,m,a_donde_compu_casa,"a_que_haces_compu_juegos, a_que_haces_compu_videos",a_donde_aprendiste_compu_solo,a_que_celu_usas_propio,"a_que_haces_celu_videos, a_que_haces_celu_juegos",a_yt_1compu,a_acceso_fotos_yo,a_mandar_fotos_enwa,a_borrar_fotos_enelchat,a_mensaje_sin_wifi_satelite,a_gratuidad_todoeninternetesgratis,a_escuela_n83_5to
4/19/2021 16:12:51,10,f,a_donde_compu_casa,"a_que_haces_compu_juegos, a_que_haces_compu_videos, a_que_haces_compu_tarea, a_que_haces_compu_videollamada",a_donde_aprendiste_compu_casa,a_que_celu_usas_propio,"a_que_haces_celu_videos, a_que_haces_celu_juegos",a_yt_nose,a_acceso_fotos_yo,a_mandar_fotos_copia,a_borrar_fotos_nopuedo,a_mensaje_sin_wifi_satelite,a_gratuidad_publicidades,a_escuela_n83_5to
4/19/2021 16:14:21,10,f,a_donde_compu_casa,"a_que_haces_compu_juegos, a_que_haces_compu_videos, a_que_haces_compu_tarea",a_donde_aprendiste_compu_casa,a_que_celu_usas_prestado,"a_que_haces_celu_videos, a_que_haces_celu_juegos",a_yt_celular,a_acceso_fotos_yo,a_mandar_fotos_copia,a_borrar_fotos_enelchat,No sé,a_gratuidad_publicidades,a_escuela_n83_5to
4/19/2021 16:14:57,10,m,a_donde_compu_casa,"a_que_haces_compu_juegos, a_que_haces_compu_videos",a_donde_aprendiste_compu_solo,a_que_celu_usas_propio,"a_que_haces_celu_videos, a_que_haces_celu_juegos",a_yt_1compu,a_acceso_fotos_yoyotros,a_mandar_fotos_enwa,a_borrar_fotos_enelchat,a_mensaje_sin_wifi_directo,a_gratuidad_todoeninternetesgratis,a_escuela_n83_5to
4/19/2021 16:20:32,10,m,a_donde_compu_casa,"a_que_haces_compu_juegos, a_que_haces_compu_videos, a_que_haces_compu_tarea, a_que_haces_compu_videollamada","a_donde_aprendiste_compu_casa, a_donde_aprendiste_compu_solo",a_que_celu_usas_nouso,a_que_haces_celu_nouso,a_yt_muchisimascompu,a_acceso_fotos_nose,a_mandar_fotos_enwa,a_borrar_fotos_enelchat,a_mensaje_sin_wifi_red,a_gratuidad_publicidades,a_escuela_n83_5to
4/19/2021 16:25:07,10,f,a_donde_compu_casa,"a_que_haces_compu_juegos, a_que_haces_compu_videos, a_que_haces_compu_tarea",a_donde_aprendiste_compu_casa,a_que_celu_usas_propio,"a_que_haces_celu_chat, a_que_haces_celu_redes, a_que_haces_celu_videos, a_que_haces_celu_telefono, a_que_haces_celu_juegos",a_yt_nose,a_acceso_fotos_yo,a_mandar_fotos_enwa,a_borrar_fotos_enelchat,a_mensaje_sin_wifi_red,a_gratuidad_datos,a_escuela_n83_5to
4/19/2021 16:34:44,10,m,a_donde_compu_casa,"a_que_haces_compu_juegos, a_que_haces_compu_tarea, a_que_haces_compu_videollamada",a_donde_aprendiste_compu_casa,a_que_celu_usas_prestado,"a_que_haces_celu_chat, a_que_haces_celu_telefono",a_yt_nube,a_acceso_fotos_yo,a_mandar_fotos_copia,a_borrar_fotos_nopuedo,a_mensaje_sin_wifi_nube,a_gratuidad_publicidades,a_escuela_n83_5to
4/19/2021 16:37:01,9,f,a_donde_compu_casa,"a_que_haces_compu_videos, a_que_haces_compu_tarea, a_que_haces_compu_videollamada",a_donde_aprendiste_compu_casa,a_que_celu_usas_propio,"a_que_haces_celu_chat, a_que_haces_celu_redes, a_que_haces_celu_videos, a_que_haces_celu_juegos",a_yt_nose,a_acceso_fotos_yo,a_mandar_fotos_copia,a_borrar_fotos_nopuedo,No sé,a_gratuidad_publicidades,a_escuela_n83_4to
4/19/2021 16:44:40,10,f,a_donde_compu_casa,a_que_haces_compu_nouso,a_donde_aprendiste_compu_casa,a_que_celu_usas_propio,"a_que_haces_celu_chat, a_que_haces_celu_redes, a_que_haces_celu_videos, a_que_haces_celu_telefono, a_que_haces_celu_juegos",a_yt_nose,a_acceso_fotos_yoyotros,a_mandar_fotos_nose,a_borrar_fotos_enelchat,a_mensaje_sin_wifi_red,a_gratuidad_yatienenplata,a_escuela_n83_5to
4/19/2021 17:04:07,10,m,a_donde_compu_casa,"a_que_haces_compu_juegos, a_que_haces_compu_tarea, a_que_haces_compu_videollamada, a_que_haces_compu_creativas",a_donde_aprendiste_compu_solo,a_que_celu_usas_propio,"a_que_haces_celu_chat, a_que_haces_celu_juegos",a_yt_nose,a_acceso_fotos_yoyotros,a_mandar_fotos_enwa,a_borrar_fotos_nopuedo,a_mensaje_sin_wifi_red,a_gratuidad_publicidades,a_escuela_n83_5to
4/19/2021 17:05:22,10,m,a_donde_compu_casa,"a_que_haces_compu_juegos, a_que_haces_compu_tarea, a_que_haces_compu_videollamada, a_que_haces_compu_creativas",a_donde_aprendiste_compu_solo,a_que_celu_usas_propio,"a_que_haces_celu_chat, a_que_haces_celu_juegos",a_yt_nose,a_acceso_fotos_yoyotros,a_mandar_fotos_enwa,a_borrar_fotos_nopuedo,a_mensaje_sin_wifi_red,a_gratuidad_publicidades,a_escuela_n83_5to
4/19/2021 17:06:13,10,f,a_donde_compu_casa,a_que_haces_compu_juegos,a_donde_aprendiste_compu_casa,a_que_celu_usas_propio,a_que_haces_celu_redes,a_yt_celular,a_acceso_fotos_yo,a_mandar_fotos_copia,a_borrar_fotos_enelchat,No sé,a_gratuidad_publicidades,a_escuela_n83_5to
4/19/2021 17:25:04,10,m,a_donde_compu_casa,a_que_haces_compu_videos,a_donde_aprendiste_compu_solo,a_que_celu_usas_prestado,"a_que_haces_celu_chat, a_que_haces_celu_videos, a_que_haces_celu_telefono, a_que_haces_celu_juegos",a_yt_nube,a_acceso_fotos_yoyotros,a_mandar_fotos_enwa,a_borrar_fotos_enelchat,a_mensaje_sin_wifi_directo,a_gratuidad_yatienenplata,a_escuela_n83_5to
4/19/2021 18:52:04,9,f,a_donde_compu_casa,"a_que_haces_compu_juegos, a_que_haces_compu_tarea, a_que_haces_compu_videollamada, a_que_haces_compu_videos","a_donde_aprendiste_compu_casa, a_donde_aprendiste_compu_solo",a_que_celu_usas_propio,"a_que_haces_celu_chat, a_que_haces_celu_redes, a_que_haces_celu_telefono",a_yt_nose,a_acceso_fotos_yo,a_mandar_fotos_copia,a_borrar_fotos_enelchat,No sé,"a_gratuidad_paraquetodoslasusen, a_gratuidad_gananplataporinstalaciones",a_escuela_n83_5to
4/19/2021 20:07:03,9,m,a_donde_compu_familiar,"a_que_haces_compu_tarea, a_que_haces_compu_videollamada",a_donde_aprendiste_compu_casa,a_que_celu_usas_nouso,a_que_haces_celu_videos,a_yt_nube,a_acceso_fotos_yoyotros,a_mandar_fotos_copia,a_borrar_fotos_enelchat,a_mensaje_sin_wifi_red,a_gratuidad_publicidades,a_escuela_n83_4to
4/19/2021 21:04:41,10,m,a_donde_compu_casa,"a_que_haces_compu_juegos, a_que_haces_compu_videos, a_que_haces_compu_tarea",a_donde_aprendiste_compu_casa,a_que_celu_usas_nouso,a_que_haces_celu_nouso,a_yt_nube,a_acceso_fotos_yo,a_mandar_fotos_enwa,a_borrar_fotos_enelchat,a_mensaje_sin_wifi_nube,a_gratuidad_publicidades,a_escuela_n83_5to
4/20/2021 2:55:57,10,m,a_donde_compu_casa,"a_que_haces_compu_juegos, a_que_haces_compu_videos, a_que_haces_compu_tarea, a_que_haces_compu_videollamada",a_donde_aprendiste_compu_solo,a_que_celu_usas_propio,"a_que_haces_celu_chat, a_que_haces_celu_redes, a_que_haces_celu_videos, a_que_haces_celu_telefono, a_que_haces_celu_juegos",a_yt_nube,a_acceso_fotos_yo,a_mandar_fotos_enwa,a_borrar_fotos_enelchat,a_mensaje_sin_wifi_red,a_gratuidad_publicidades,a_escuela_n83_5to
4/20/2021 15:55:25,10,m,a_donde_compu_casa,"a_que_haces_compu_juegos, a_que_haces_compu_videos, a_que_haces_compu_tarea",a_donde_aprendiste_compu_solo,a_que_celu_usas_propio,"a_que_haces_celu_chat, a_que_haces_celu_redes, a_que_haces_celu_videos, a_que_haces_celu_telefono, a_que_haces_celu_juegos",a_yt_nube,a_acceso_fotos_yo,a_mandar_fotos_enwa,a_borrar_fotos_enelchat,a_mensaje_sin_wifi_antena,"a_gratuidad_datos, a_gratuidad_publicidades",a_escuela_n83_5to
4/20/2021 21:00:26,9,f,a_donde_compu_casa,"a_que_haces_compu_juegos, a_que_haces_compu_videos, a_que_haces_compu_tarea, a_que_haces_compu_videollamada","a_donde_aprendiste_compu_casa, a_donde_aprendiste_compu_solo",a_que_celu_usas_prestado,"a_que_haces_celu_chat, a_que_haces_celu_telefono, a_que_haces_celu_juegos",a_yt_nube,a_acceso_fotos_nose,a_mandar_fotos_enwa,a_borrar_fotos_enelchat,No sé,a_gratuidad_publicidades,a_escuela_n83_4to
4/20/2021 22:52:51,9,f,a_donde_compu_casa,"a_que_haces_compu_juegos, a_que_haces_compu_videos, a_que_haces_compu_tarea, a_que_haces_compu_videollamada, a_que_haces_compu_creativas",a_donde_aprendiste_compu_solo,a_que_celu_usas_propio,"a_que_haces_celu_chat, a_que_haces_celu_redes, a_que_haces_celu_telefono",a_yt_nube,a_acceso_fotos_yo,a_mandar_fotos_enwa,a_borrar_fotos_enelchat,a_mensaje_sin_wifi_antena,a_gratuidad_paraquetodoslasusen,a_escuela_n83_4to
4/20/2021 23:30:23,9,f,a_donde_compu_casa,"a_que_haces_compu_juegos, a_que_haces_compu_tarea, a_que_haces_compu_videollamada",a_donde_aprendiste_compu_casa,a_que_celu_usas_prestado,"a_que_haces_celu_chat, a_que_haces_celu_videos, a_que_haces_celu_juegos",a_yt_1compu,a_acceso_fotos_yo,a_mandar_fotos_enwa,a_borrar_fotos_enelchat,a_mensaje_sin_wifi_antena,a_gratuidad_publicidades,a_escuela_n83_4to
4/20/2021 23:40:21,8,f,a_donde_compu_casa,"a_que_haces_compu_juegos, a_que_haces_compu_videos, a_que_haces_compu_tarea",a_donde_aprendiste_compu_casa,a_que_celu_usas_nouso,a_que_haces_celu_nouso,a_yt_nose,a_acceso_fotos_yoyotros,a_mandar_fotos_enwa,a_borrar_fotos_enelchat,a_mensaje_sin_wifi_directo,a_gratuidad_publicidades,a_escuela_n83_4to
4/21/2021 1:08:13,8,m,a_donde_compu_casa,"a_que_haces_compu_juegos, a_que_haces_compu_videos, a_que_haces_compu_tarea",a_donde_aprendiste_compu_casa,a_que_celu_usas_prestado,"a_que_haces_celu_chat, a_que_haces_celu_videos, a_que_haces_celu_telefono, a_que_haces_celu_juegos",a_yt_muchisimascompu,a_acceso_fotos_yo,a_mandar_fotos_copia,a_borrar_fotos_nopuedo,a_mensaje_sin_wifi_red,"a_gratuidad_datos, a_gratuidad_publicidades",a_escuela_n83_4to
4/21/2021 1:33:25,8,m,a_donde_compu_casa,"a_que_haces_compu_juegos, a_que_haces_compu_tarea",a_donde_aprendiste_compu_casa,a_que_celu_usas_prestado,"a_que_haces_celu_chat, a_que_haces_celu_telefono",a_yt_nube,a_acceso_fotos_yoyotros,a_mandar_fotos_nose,a_borrar_fotos_nose,No sé,a_gratuidad_nose,a_escuela_n83_4to
4/21/2021 3:33:20,10,f,a_donde_compu_casa,"a_que_haces_compu_juegos, a_que_haces_compu_videos, a_que_haces_compu_tarea",a_donde_aprendiste_compu_casa,a_que_celu_usas_prestado,"a_que_haces_celu_chat, a_que_haces_celu_redes, a_que_haces_celu_videos",a_yt_muchisimascompu,a_acceso_fotos_yoyotros,a_mandar_fotos_copia,a_borrar_fotos_nopuedo,a_mensaje_sin_wifi_red,a_gratuidad_datos,a_escuela_n83_5to
4/21/2021 20:00:17,10,f,a_donde_compu_casa,"a_que_haces_compu_juegos, a_que_haces_compu_videollamada","a_donde_aprendiste_compu_casa, a_donde_aprendiste_compu_solo",a_que_celu_usas_nouso,"a_que_haces_celu_juegos, a_que_haces_celu_nouso",a_yt_nube,a_acceso_fotos_nose,a_mandar_fotos_nose,a_borrar_fotos_enelchat,a_mensaje_sin_wifi_red,a_gratuidad_publicidades,a_escuela_n83_5to
4/22/2021 2:46:46,10,f,a_donde_compu_casa,"a_que_haces_compu_juegos, a_que_haces_compu_videos, a_que_haces_compu_tarea, a_que_haces_compu_videollamada",a_donde_aprendiste_compu_casa,a_que_celu_usas_propio,a_que_haces_celu_chat,a_yt_nube,a_acceso_fotos_yo,a_mandar_fotos_enwa,a_borrar_fotos_nose,a_mensaje_sin_wifi_antena,a_gratuidad_publicidades,a_escuela_n83_5to
4/22/2021 5:15:59,10,m,a_donde_compu_casa,"a_que_haces_compu_juegos, a_que_haces_compu_videos, a_que_haces_compu_tarea",a_donde_aprendiste_compu_solo,a_que_celu_usas_propio,"a_que_haces_celu_chat, a_que_haces_celu_videos, a_que_haces_celu_juegos",a_yt_1compu,a_acceso_fotos_yo,a_mandar_fotos_copia,a_borrar_fotos_enelchat,a_mensaje_sin_wifi_antena,a_gratuidad_publicidades,a_escuela_n83_5to
4/22/2021 20:03:22,10,m,a_donde_compu_casa,"a_que_haces_compu_juegos, a_que_haces_compu_tarea","a_donde_aprendiste_compu_casa, a_donde_aprendiste_compu_solo",a_que_celu_usas_prestado,"a_que_haces_celu_redes, a_que_haces_celu_telefono, a_que_haces_celu_juegos",a_yt_nube,a_acceso_fotos_yo,a_mandar_fotos_copia,a_borrar_fotos_enelchat,a_mensaje_sin_wifi_red,a_gratuidad_paraquetodoslasusen,a_escuela_n83_5to
4/22/2021 21:23:56,9,m,a_donde_compu_casa,"a_que_haces_compu_juegos, a_que_haces_compu_videos",a_donde_aprendiste_compu_casa,a_que_celu_usas_propio,"a_que_haces_celu_chat, a_que_haces_celu_videos, a_que_haces_celu_telefono, a_que_haces_celu_juegos",a_yt_nube,a_acceso_fotos_yo,a_mandar_fotos_copia,a_borrar_fotos_nopuedo,a_mensaje_sin_wifi_satelite,a_gratuidad_paraquetodoslasusen,a_escuela_n83_4to
4/23/2021 22:18:07,9,m,a_donde_compu_casa,"a_que_haces_compu_juegos, a_que_haces_compu_videos, a_que_haces_compu_tarea, a_que_haces_compu_videollamada","a_donde_aprendiste_compu_casa, a_donde_aprendiste_compu_solo",a_que_celu_usas_propio,"a_que_haces_celu_chat, a_que_haces_celu_redes, a_que_haces_celu_videos, a_que_haces_celu_telefono, a_que_haces_celu_juegos",a_yt_nube,a_acceso_fotos_yo,a_mandar_fotos_enwa,a_borrar_fotos_enelchat,a_mensaje_sin_wifi_satelite,a_gratuidad_publicidades,a_escuela_n83_5to
4/24/2021 1:38:00,9,m,a_donde_compu_casa,"a_que_haces_compu_juegos, a_que_haces_compu_videos, a_que_haces_compu_tarea, a_que_haces_compu_videollamada","a_donde_aprendiste_compu_casa, a_donde_aprendiste_compu_solo",a_que_celu_usas_propio,"a_que_haces_celu_redes, a_que_haces_celu_videos, a_que_haces_celu_juegos",a_yt_nube,a_acceso_fotos_yoyotros,a_mandar_fotos_nose,a_borrar_fotos_nopuedo,No sé,a_gratuidad_publicidades,a_escuela_n83_4to
4/24/2021 16:37:37,10,m,a_donde_compu_casa,a_que_haces_compu_juegos,a_donde_aprendiste_compu_solo,a_que_celu_usas_propio,"a_que_haces_celu_redes, a_que_haces_celu_juegos",a_yt_nose,a_acceso_fotos_yo,a_mandar_fotos_enwa,a_borrar_fotos_enelchat,a_mensaje_sin_wifi_antena,a_gratuidad_yatienenplata,a_escuela_n83_5to
4/25/2021 5:12:01,10,m,a_donde_compu_casa,"a_que_haces_compu_juegos, a_que_haces_compu_videos, a_que_haces_compu_tarea, a_que_haces_compu_videollamada",a_donde_aprendiste_compu_casa,a_que_celu_usas_propio,"a_que_haces_celu_videos, a_que_haces_celu_juegos",a_yt_nose,a_acceso_fotos_yo,a_mandar_fotos_copia,a_borrar_fotos_nopuedo,a_mensaje_sin_wifi_red,a_gratuidad_publicidades,a_escuela_n83_5to
4/25/2021 17:39:20,10,m,a_donde_compu_casa,"a_que_haces_compu_videos, a_que_haces_compu_tarea, a_que_haces_compu_videollamada","a_donde_aprendiste_compu_casa, a_donde_aprendiste_compu_solo",a_que_celu_usas_prestado,"a_que_haces_celu_chat, a_que_haces_celu_redes, a_que_haces_celu_videos, a_que_haces_celu_telefono, a_que_haces_celu_juegos",a_yt_nube,a_acceso_fotos_yo,a_mandar_fotos_copia,a_borrar_fotos_nopuedo,a_mensaje_sin_wifi_satelite,"a_gratuidad_datos, a_gratuidad_publicidades",a_escuela_n83_5to
4/25/2021 17:39:20,10,f,a_donde_compu_casa,"a_que_haces_compu_videos, a_que_haces_compu_tarea, a_que_haces_compu_videollamada","a_donde_aprendiste_compu_casa, a_donde_aprendiste_compu_escuela",a_que_celu_usas_prestado,"a_que_haces_celu_chat, a_que_haces_celu_videos, a_que_haces_celu_telefono, a_que_haces_celu_juegos",a_yt_nube,a_acceso_fotos_yo,a_mandar_fotos_copia,a_borrar_fotos_nopuedo,a_mensaje_sin_wifi_satelite,"a_gratuidad_datos, a_gratuidad_publicidades",a_escuela_n83_5to
4/25/2021 20:09:06,9,f,a_donde_compu_casa,"a_que_haces_compu_videos, a_que_haces_compu_tarea",a_donde_aprendiste_compu_casa,a_que_celu_usas_prestado,"a_que_haces_celu_redes, a_que_haces_celu_videos, a_que_haces_celu_telefono, a_que_haces_celu_juegos",a_yt_nose,a_acceso_fotos_yo,a_mandar_fotos_nose,a_borrar_fotos_nose,No sé,a_gratuidad_publicidades,a_escuela_n83_4to
4/25/2021 22:25:20,9,f,a_donde_compu_casa,"a_que_haces_compu_juegos, a_que_haces_compu_videos, a_que_haces_compu_videollamada",a_donde_aprendiste_compu_casa,a_que_celu_usas_prestado,"a_que_haces_celu_chat, a_que_haces_celu_videos, a_que_haces_celu_telefono, a_que_haces_celu_juegos",a_yt_nube,a_acceso_fotos_yo,a_mandar_fotos_copia,a_borrar_fotos_nopuedo,a_mensaje_sin_wifi_antena,a_gratuidad_publicidades,a_escuela_n83_4to
4/25/2021 22:52:41,9,f,a_donde_compu_casa,"a_que_haces_compu_juegos, a_que_haces_compu_videos, a_que_haces_compu_tarea, a_que_haces_compu_videollamada","a_donde_aprendiste_compu_casa, a_donde_aprendiste_compu_solo",a_que_celu_usas_propio,"a_que_haces_celu_chat, a_que_haces_celu_redes, a_que_haces_celu_videos, a_que_haces_celu_telefono, a_que_haces_celu_juegos",a_yt_muchisimascompu,a_acceso_fotos_yo,a_mandar_fotos_nose,a_borrar_fotos_nopuedo,a_mensaje_sin_wifi_antena,a_gratuidad_publicidades,a_escuela_n83_4to
4/25/2021 23:28:42,10,m,a_donde_compu_casa,a_que_haces_compu_tarea,a_donde_aprendiste_compu_solo,a_que_celu_usas_nouso,a_que_haces_celu_nouso,a_yt_nose,a_acceso_fotos_yo,a_mandar_fotos_copia,a_borrar_fotos_nopuedo,a_mensaje_sin_wifi_red,a_gratuidad_publicidades,a_escuela_n83_5to
4/26/2021 0:22:38,9,m,a_donde_compu_casa,"a_que_haces_compu_juegos, a_que_haces_compu_tarea",a_donde_aprendiste_compu_casa,a_que_celu_usas_propio,"a_que_haces_celu_chat, a_que_haces_celu_videos, a_que_haces_celu_telefono, a_que_haces_celu_juegos",a_yt_nube,a_acceso_fotos_yoyotros,a_mandar_fotos_copia,a_borrar_fotos_nopuedo,a_mensaje_sin_wifi_antena,"a_gratuidad_datos, a_gratuidad_publicidades",a_escuela_n83_4to
4/26/2021 4:00:11,10,m,a_donde_compu_casa,"a_que_haces_compu_juegos, a_que_haces_compu_videos, a_que_haces_compu_tarea, a_que_haces_compu_videollamada","a_donde_aprendiste_compu_casa, a_donde_aprendiste_compu_solo",a_que_celu_usas_propio,"a_que_haces_celu_chat, a_que_haces_celu_videos, a_que_haces_celu_telefono, a_que_haces_celu_juegos",a_yt_muchisimascompu,a_acceso_fotos_yoyotros,a_mandar_fotos_enwa,a_borrar_fotos_enelchat,No sé,a_gratuidad_publicidades,a_escuela_n83_5to
4/26/2021 4:00:14,10,f,a_donde_compu_casa,"a_que_haces_compu_juegos, a_que_haces_compu_videos, a_que_haces_compu_tarea, a_que_haces_compu_videollamada",a_donde_aprendiste_compu_casa,a_que_celu_usas_propio,"a_que_haces_celu_chat, a_que_haces_celu_redes, a_que_haces_celu_videos, a_que_haces_celu_telefono, a_que_haces_celu_juegos",a_yt_muchisimascompu,a_acceso_fotos_yo,a_mandar_fotos_enwa,a_borrar_fotos_enelchat,No sé,a_gratuidad_publicidades,a_escuela_n83_5to
4/26/2021 6:00:35,10,f,a_donde_compu_casa,"a_que_haces_compu_videos, a_que_haces_compu_tarea, a_que_haces_compu_videollamada",a_donde_aprendiste_compu_casa,a_que_celu_usas_propio,"a_que_haces_celu_chat, a_que_haces_celu_redes",a_yt_nose,a_acceso_fotos_yo,a_mandar_fotos_nose,a_borrar_fotos_nose,No sé,a_gratuidad_datos,a_escuela_n83_5to
4/26/2021 13:42:20,9,f,a_donde_compu_casa,a_que_haces_compu_juegos,a_donde_aprendiste_compu_solo,a_que_celu_usas_propio,"a_que_haces_celu_chat, a_que_haces_celu_redes, a_que_haces_celu_juegos",a_yt_nube,a_acceso_fotos_yo,a_mandar_fotos_copia,a_borrar_fotos_nopuedo,a_mensaje_sin_wifi_satelite,"a_gratuidad_datos, a_gratuidad_publicidades",a_escuela_n83_4to
4/26/2021 13:44:41,9,f,a_donde_compu_casa,"a_que_haces_compu_videos, a_que_haces_compu_tarea, a_que_haces_compu_videollamada",a_donde_aprendiste_compu_casa,a_que_celu_usas_propio,"a_que_haces_celu_redes, a_que_haces_celu_videos, a_que_haces_celu_juegos",a_yt_nube,a_acceso_fotos_yo,a_mandar_fotos_enwa,a_borrar_fotos_enelchat,a_mensaje_sin_wifi_antena,a_gratuidad_paraquetodoslasusen,a_escuela_n83_4to
4/26/2021 13:45:53,9,m,a_donde_compu_casa,"a_que_haces_compu_juegos, a_que_haces_compu_videos, a_que_haces_compu_tarea",a_donde_aprendiste_compu_casa,a_que_celu_usas_propio,"a_que_haces_celu_chat, a_que_haces_celu_videos, a_que_haces_celu_juegos",a_yt_celular,a_acceso_fotos_yoyotros,a_mandar_fotos_enwa,a_borrar_fotos_enelchat,a_mensaje_sin_wifi_satelite,"a_gratuidad_datos, a_gratuidad_paraquetodoslasusen",a_escuela_n83_4to
4/26/2021 14:02:24,9,f,a_donde_compu_casa,a_que_haces_compu_juegos,a_donde_aprendiste_compu_casa,a_que_celu_usas_propio,"a_que_haces_celu_chat, a_que_haces_celu_redes, a_que_haces_celu_videos",a_yt_muchascompu,a_acceso_fotos_yo,a_mandar_fotos_copia,a_borrar_fotos_nopuedo,No sé,"a_gratuidad_datos, a_gratuidad_publicidades",a_escuela_n83_4to
4/26/2021 14:40:47,9,m,a_donde_compu_casa,"a_que_haces_compu_juegos, a_que_haces_compu_videos, a_que_haces_compu_videollamada",a_donde_aprendiste_compu_solo,a_que_celu_usas_propio,"a_que_haces_celu_chat, a_que_haces_celu_redes, a_que_haces_celu_videos, a_que_haces_celu_telefono",a_yt_nose,a_acceso_fotos_yo,a_mandar_fotos_enwa,a_borrar_fotos_enelchat,No sé,a_gratuidad_publicidades,a_escuela_n83_4to
4/26/2021 14:41:44,9,m,a_donde_compu_casa,"a_que_haces_compu_juegos, a_que_haces_compu_tarea",a_donde_aprendiste_compu_casa,a_que_celu_usas_propio,"a_que_haces_celu_chat, a_que_haces_celu_videos, a_que_haces_celu_juegos",a_yt_nube,a_acceso_fotos_yoyotros,a_mandar_fotos_copia,a_borrar_fotos_nopuedo,a_mensaje_sin_wifi_antena,"a_gratuidad_datos, a_gratuidad_publicidades",a_escuela_n83_4to
4/26/2021 14:41:51,9,f,a_donde_compu_casa,"a_que_haces_compu_juegos, a_que_haces_compu_videos, a_que_haces_compu_tarea, a_que_haces_compu_videollamada","a_donde_aprendiste_compu_casa, a_donde_aprendiste_compu_solo",a_que_celu_usas_prestado,"a_que_haces_celu_chat, a_que_haces_celu_redes, a_que_haces_celu_videos, a_que_haces_celu_telefono, a_que_haces_celu_juegos",a_yt_muchisimascompu,a_acceso_fotos_yoyotros,a_mandar_fotos_copia,a_borrar_fotos_enelchat,a_mensaje_sin_wifi_nube,"a_gratuidad_datos, a_gratuidad_publicidades",a_escuela_n83_4to
4/26/2021 14:43:46,9,m,a_donde_compu_casa,a_que_haces_compu_videos,a_donde_aprendiste_compu_casa,a_que_celu_usas_prestado,"a_que_haces_celu_videos, a_que_haces_celu_juegos",a_yt_1compu,a_acceso_fotos_yo,a_mandar_fotos_enwa,a_borrar_fotos_enmicelu,a_mensaje_sin_wifi_antena,a_gratuidad_paraquetodoslasusen,a_escuela_n83_4to
4/26/2021 14:46:22,9,m,a_donde_compu_casa,"a_que_haces_compu_juegos, a_que_haces_compu_videos, a_que_haces_compu_tarea",a_donde_aprendiste_compu_casa,a_que_celu_usas_prestado,"a_que_haces_celu_redes, a_que_haces_celu_videos, a_que_haces_celu_juegos",a_yt_nose,a_acceso_fotos_yoyotros,a_mandar_fotos_copia,a_borrar_fotos_enelchat,No sé,a_gratuidad_paraquetodoslasusen,a_escuela_n83_4to
4/26/2021 14:50:36,9,f,a_donde_compu_casa,a_que_haces_compu_juegos,a_donde_aprendiste_compu_casa,a_que_celu_usas_prestado,a_que_haces_celu_redes,a_yt_muchisimascompu,a_acceso_fotos_yo,a_mandar_fotos_nose,a_borrar_fotos_enmicelu,No sé,"a_gratuidad_datos, a_gratuidad_publicidades, a_gratuidad_todoeninternetesgratis",a_escuela_n83_4to
4/26/2021 15:06:35,12,o,a_donde_compu_casa,a_que_haces_compu_videollamada,a_donde_aprendiste_compu_solo,a_que_celu_usas_propio,a_que_haces_celu_chat,a_yt_nube,a_acceso_fotos_yoyotros,a_mandar_fotos_copia,a_borrar_fotos_enelchat,a_mensaje_sin_wifi_red,a_gratuidad_publicidades,a_escuela_n83_5to
4/26/2021 15:36:49,9,m,a_donde_compu_casa,"a_que_haces_compu_juegos, a_que_haces_compu_videos, a_que_haces_compu_tarea, a_que_haces_compu_videollamada",a_donde_aprendiste_compu_solo,a_que_celu_usas_propio,"a_que_haces_celu_chat, a_que_haces_celu_redes, a_que_haces_celu_videos, a_que_haces_celu_telefono, a_que_haces_celu_juegos",a_yt_nube,a_acceso_fotos_yo,a_mandar_fotos_copia,a_borrar_fotos_nopuedo,a_mensaje_sin_wifi_nube,a_gratuidad_datos,a_escuela_n83_5to
4/26/2021 16:04:17,10,m,a_donde_compu_casa,"a_que_haces_compu_juegos, a_que_haces_compu_videos, a_que_haces_compu_tarea, a_que_haces_compu_videollamada",a_donde_aprendiste_compu_casa,a_que_celu_usas_propio,"a_que_haces_celu_videos, a_que_haces_celu_telefono, a_que_haces_celu_juegos",a_yt_nube,a_acceso_fotos_yo,a_mandar_fotos_copia,a_borrar_fotos_nopuedo,a_mensaje_sin_wifi_red,"a_gratuidad_publicidades, a_gratuidad_paraquetodoslasusen",a_escuela_n83_5to
4/26/2021 16:14:10,10,f,a_donde_compu_casa,a_que_haces_compu_juegos,a_donde_aprendiste_compu_solo,a_que_celu_usas_propio,"a_que_haces_celu_chat, a_que_haces_celu_redes",a_yt_nube,a_acceso_fotos_yo,a_mandar_fotos_enwa,a_borrar_fotos_enelchat,a_mensaje_sin_wifi_satelite,a_gratuidad_paraquetodoslasusen,a_escuela_n83_5to
4/26/2021 16:35:19,10,f,a_donde_compu_casa,"a_que_haces_compu_juegos, a_que_haces_compu_videos, a_que_haces_compu_tarea, a_que_haces_compu_videollamada",a_donde_aprendiste_compu_casa,a_que_celu_usas_propio,"a_que_haces_celu_chat, a_que_haces_celu_redes, a_que_haces_celu_videos, a_que_haces_celu_telefono, a_que_haces_celu_juegos",a_yt_muchisimascompu,a_acceso_fotos_yo,a_mandar_fotos_enwa,a_borrar_fotos_enelchat,No sé,a_gratuidad_publicidades,a_escuela_n83_5to
4/26/2021 16:35:44,10,m,a_donde_compu_casa,"a_que_haces_compu_juegos, a_que_haces_compu_videos, a_que_haces_compu_tarea, a_que_haces_compu_videollamada","a_donde_aprendiste_compu_casa, a_donde_aprendiste_compu_solo",a_que_celu_usas_propio,"a_que_haces_celu_chat, a_que_haces_celu_videos, a_que_haces_celu_telefono, a_que_haces_celu_juegos",a_yt_nube,a_acceso_fotos_yo,a_mandar_fotos_copia,a_borrar_fotos_nopuedo,a_mensaje_sin_wifi_directo,a_gratuidad_publicidades,a_escuela_n83_5to
4/26/2021 16:38:35,10,f,a_donde_compu_casa,"a_que_haces_compu_juegos, a_que_haces_compu_videos, a_que_haces_compu_tarea, a_que_haces_compu_videollamada",a_donde_aprendiste_compu_casa,a_que_celu_usas_prestado,"a_que_haces_celu_chat, a_que_haces_celu_redes, a_que_haces_celu_videos, a_que_haces_celu_telefono, a_que_haces_celu_juegos",a_yt_nube,a_acceso_fotos_yo,a_mandar_fotos_copia,a_borrar_fotos_nopuedo,a_mensaje_sin_wifi_antena,"a_gratuidad_publicidades, a_gratuidad_paraquetodoslasusen",a_escuela_n83_5to
4/26/2021 17:12:08,10,f,a_donde_compu_casa,"a_que_haces_compu_juegos, a_que_haces_compu_tarea, a_que_haces_compu_videollamada",a_donde_aprendiste_compu_casa,a_que_celu_usas_prestado,"a_que_haces_celu_chat, a_que_haces_celu_redes, a_que_haces_celu_juegos",a_yt_muchisimascompu,a_acceso_fotos_yo,a_mandar_fotos_copia,a_borrar_fotos_nopuedo,a_mensaje_sin_wifi_directo,a_gratuidad_publicidades,a_escuela_n83_5to
4/26/2021 21:26:50,10,f,a_donde_compu_casa,"a_que_haces_compu_juegos, a_que_haces_compu_videos, a_que_haces_compu_tarea, a_que_haces_compu_videollamada","a_donde_aprendiste_compu_casa, a_donde_aprendiste_compu_escuela, a_donde_aprendiste_compu_solo",a_que_celu_usas_propio,"a_que_haces_celu_chat, a_que_haces_celu_redes, a_que_haces_celu_videos, a_que_haces_celu_telefono, a_que_haces_celu_juegos",a_yt_nube,a_acceso_fotos_yo,a_mandar_fotos_enwa,a_borrar_fotos_enelchat,a_mensaje_sin_wifi_satelite,"a_gratuidad_datos, a_gratuidad_publicidades",a_escuela_n83_5to
4/26/2021 22:21:14,9,m,a_donde_compu_casa,"a_que_haces_compu_juegos, a_que_haces_compu_videos, a_que_haces_compu_tarea","a_donde_aprendiste_compu_casa, a_donde_aprendiste_compu_escuela",a_que_celu_usas_prestado,"a_que_haces_celu_videos, a_que_haces_celu_juegos",a_yt_nube,a_acceso_fotos_nose,a_mandar_fotos_enwa,a_borrar_fotos_enelchat,a_mensaje_sin_wifi_red,a_gratuidad_publicidades,a_escuela_n83_5to
4/27/2021 3:32:58,10,f,a_donde_compu_casa,a_que_haces_compu_juegos,a_donde_aprendiste_compu_solo,a_que_celu_usas_propio,"a_que_haces_celu_chat, a_que_haces_celu_redes, a_que_haces_celu_videos, a_que_haces_celu_telefono, a_que_haces_celu_juegos",a_yt_muchisimascompu,a_acceso_fotos_yo,a_mandar_fotos_enwa,a_borrar_fotos_nopuedo,a_mensaje_sin_wifi_directo,a_gratuidad_publicidades,a_escuela_n83_5to
4/27/2021 17:43:38,10,m,a_donde_compu_casa,"a_que_haces_compu_tarea, a_que_haces_compu_videollamada",a_donde_aprendiste_compu_casa,a_que_celu_usas_prestado,"a_que_haces_celu_telefono, a_que_haces_celu_juegos",a_yt_nube,a_acceso_fotos_yo,a_mandar_fotos_copia,a_borrar_fotos_nopuedo,a_mensaje_sin_wifi_red,"a_gratuidad_datos, a_gratuidad_publicidades",a_escuela_n83_5to
4/28/2021 4:22:45,9,m,a_donde_compu_casa,"a_que_haces_compu_juegos, a_que_haces_compu_videos, a_que_haces_compu_tarea, a_que_haces_compu_videollamada",a_donde_aprendiste_compu_casa,a_que_celu_usas_propio,"a_que_haces_celu_chat, a_que_haces_celu_redes, a_que_haces_celu_videos, a_que_haces_celu_telefono, a_que_haces_celu_juegos, a_que_haces_celu_creativas",a_yt_nube,a_acceso_fotos_yo,a_mandar_fotos_enwa,a_borrar_fotos_enelchat,a_mensaje_sin_wifi_antena,"a_gratuidad_datos, a_gratuidad_publicidades",a_escuela_n83_4to
4/28/2021 16:57:41,8,f,a_donde_compu_casa,"a_que_haces_compu_juegos, a_que_haces_compu_videos, a_que_haces_compu_tarea","a_donde_aprendiste_compu_casa, a_donde_aprendiste_compu_escuela",a_que_celu_usas_propio,"a_que_haces_celu_chat, a_que_haces_celu_videos, a_que_haces_celu_telefono, a_que_haces_celu_juegos",a_yt_muchisimascompu,a_acceso_fotos_yo,a_mandar_fotos_copia,a_borrar_fotos_enelchat,a_mensaje_sin_wifi_red,a_gratuidad_paraquetodoslasusen,a_escuela_n83_4to
4/28/2021 20:25:43,9,m,a_donde_compu_casa,"a_que_haces_compu_juegos, a_que_haces_compu_videos",a_donde_aprendiste_compu_casa,a_que_celu_usas_propio,"a_que_haces_celu_chat, a_que_haces_celu_videos, a_que_haces_celu_juegos",a_yt_nube,a_acceso_fotos_yo,a_mandar_fotos_copia,a_borrar_fotos_nopuedo,a_mensaje_sin_wifi_satelite,a_gratuidad_publicidades,a_escuela_n83_4to
4/28/2021 21:01:22,9,m,a_donde_compu_casa,"a_que_haces_compu_juegos, a_que_haces_compu_videos, a_que_haces_compu_tarea, a_que_haces_compu_videollamada",a_donde_aprendiste_compu_solo,a_que_celu_usas_propio,"a_que_haces_celu_chat, a_que_haces_celu_redes, a_que_haces_celu_videos, a_que_haces_celu_telefono, a_que_haces_celu_juegos",a_yt_celular,a_acceso_fotos_yo,a_mandar_fotos_copia,a_borrar_fotos_enelchat,a_mensaje_sin_wifi_directo,a_gratuidad_publicidades,a_escuela_n83_4to
5/1/2021 15:34:56,10,m,a_donde_compu_casa,"a_que_haces_compu_juegos, a_que_haces_compu_videos",a_donde_aprendiste_compu_solo,a_que_celu_usas_propio,"a_que_haces_celu_chat, a_que_haces_celu_videos",a_yt_celular,a_acceso_fotos_yo,a_mandar_fotos_copia,a_borrar_fotos_nopuedo,a_mensaje_sin_wifi_satelite,a_gratuidad_publicidades,a_escuela_n83_5to
5/1/2021 17:07:00,9,m,a_donde_compu_casa,"a_que_haces_compu_videos, a_que_haces_compu_tarea",a_donde_aprendiste_compu_casa,a_que_celu_usas_propio,"a_que_haces_celu_chat, a_que_haces_celu_redes, a_que_haces_celu_telefono",a_yt_muchisimascompu,a_acceso_fotos_yo,a_mandar_fotos_copia,a_borrar_fotos_nopuedo,a_mensaje_sin_wifi_antena,a_gratuidad_publicidades,a_escuela_n83_4to
5/2/2021 23:59:27,9,m,a_donde_compu_casa,"a_que_haces_compu_juegos, a_que_haces_compu_videos, a_que_haces_compu_tarea, a_que_haces_compu_videollamada",a_donde_aprendiste_compu_solo,a_que_celu_usas_prestado,"a_que_haces_celu_chat, a_que_haces_celu_videos, a_que_haces_celu_telefono, a_que_haces_celu_juegos",a_yt_muchisimascompu,a_acceso_fotos_yo,a_mandar_fotos_copia,a_borrar_fotos_nopuedo,a_mensaje_sin_wifi_red,a_gratuidad_publicidades,a_escuela_n83_4to
5/3/2021 0:40:33,10,m,a_donde_compu_casa,"a_que_haces_compu_juegos, a_que_haces_compu_tarea, a_que_haces_compu_videollamada",a_donde_aprendiste_compu_casa,a_que_celu_usas_prestado,"a_que_haces_celu_chat, a_que_haces_celu_juegos",a_yt_nube,a_acceso_fotos_yo,a_mandar_fotos_copia,a_borrar_fotos_nopuedo,a_mensaje_sin_wifi_satelite,a_gratuidad_publicidades,a_escuela_n83_5to
5/3/2021 1:19:18,10,m,a_donde_compu_casa,"a_que_haces_compu_juegos, a_que_haces_compu_videos, a_que_haces_compu_tarea",a_donde_aprendiste_compu_solo,a_que_celu_usas_propio,"a_que_haces_celu_chat, a_que_haces_celu_videos, a_que_haces_celu_telefono, a_que_haces_celu_juegos",a_yt_1compu,a_acceso_fotos_yoyotros,a_mandar_fotos_copia,a_borrar_fotos_nopuedo,a_mensaje_sin_wifi_satelite,a_gratuidad_publicidades,a_escuela_n83_5to
5/3/2021 1:27:50,8,f,a_donde_compu_casa,"a_que_haces_compu_juegos, a_que_haces_compu_videos, a_que_haces_compu_tarea, a_que_haces_compu_videollamada, a_que_haces_compu_creativas",a_donde_aprendiste_compu_solo,a_que_celu_usas_propio,"a_que_haces_celu_chat, a_que_haces_celu_redes, a_que_haces_celu_videos, a_que_haces_celu_telefono, a_que_haces_celu_juegos, a_que_haces_celu_creativas",a_yt_muchisimascompu,a_acceso_fotos_yo,a_mandar_fotos_copia,a_borrar_fotos_enelchat,a_mensaje_sin_wifi_red,"a_gratuidad_publicidades, a_gratuidad_paraquetodoslasusen",a_escuela_n83_4to
5/3/2021 14:22:34,10,m,a_donde_compu_casa,a_que_haces_compu_tarea,"a_donde_aprendiste_compu_casa, a_donde_aprendiste_compu_escuela",a_que_celu_usas_prestado,a_que_haces_celu_juegos,a_yt_nube,a_acceso_fotos_yoyotros,a_mandar_fotos_nose,a_borrar_fotos_nose,No sé,a_gratuidad_nose,a_escuela_n83_4to
5/3/2021 14:40:38,9,f,a_donde_compu_casa,"a_que_haces_compu_videos, a_que_haces_compu_tarea, a_que_haces_compu_videollamada",a_donde_aprendiste_compu_casa,a_que_celu_usas_prestado,"a_que_haces_celu_chat, a_que_haces_celu_videos, a_que_haces_celu_telefono",a_yt_nose,a_acceso_fotos_yoyotros,a_mandar_fotos_laveenmicelu,a_borrar_fotos_enelchat,a_mensaje_sin_wifi_antena,a_gratuidad_paraquetodoslasusen,a_escuela_n83_5to
5/3/2021 16:30:19,10,f,a_donde_compu_casa,a_que_haces_compu_tarea,a_donde_aprendiste_compu_casa,a_que_celu_usas_propio,"a_que_haces_celu_chat, a_que_haces_celu_videos",a_yt_celular,a_acceso_fotos_yo,a_mandar_fotos_enwa,a_borrar_fotos_enelchat,a_mensaje_sin_wifi_directo,a_gratuidad_paraquetodoslasusen,a_escuela_n83_5to
5/3/2021 16:39:12,10,m,a_donde_compu_casa,"a_que_haces_compu_juegos, a_que_haces_compu_videos, a_que_haces_compu_tarea",a_donde_aprendiste_compu_casa,a_que_celu_usas_propio,a_que_haces_celu_juegos,a_yt_nose,a_acceso_fotos_yoyotros,a_mandar_fotos_copia,a_borrar_fotos_enelchat,a_mensaje_sin_wifi_antena,a_gratuidad_publicidades,a_escuela_n83_5to
5/3/2021 17:12:27,10,m,a_donde_compu_casa,a_que_haces_compu_videos,a_donde_aprendiste_compu_casa,a_que_celu_usas_propio,a_que_haces_celu_juegos,a_yt_nose,a_acceso_fotos_yo,a_mandar_fotos_copia,a_borrar_fotos_enelchat,a_mensaje_sin_wifi_red,a_gratuidad_paraquetodoslasusen,a_escuela_n83_5to
5/3/2021 17:31:24,10,f,a_donde_compu_casa,a_que_haces_compu_juegos,a_donde_aprendiste_compu_escuela,a_que_celu_usas_propio,"a_que_haces_celu_chat, a_que_haces_celu_redes, a_que_haces_celu_juegos",a_yt_celular,a_acceso_fotos_yo,a_mandar_fotos_copia,a_borrar_fotos_nopuedo,No sé,"a_gratuidad_publicidades, a_gratuidad_paraquetodoslasusen",a_escuela_n83_5to
5/4/2021 20:18:19,9,m,a_donde_compu_casa,"a_que_haces_compu_juegos, a_que_haces_compu_videos, a_que_haces_compu_tarea, a_que_haces_compu_videollamada",a_donde_aprendiste_compu_casa,a_que_celu_usas_propio,"a_que_haces_celu_chat, a_que_haces_celu_videos, a_que_haces_celu_juegos",a_yt_celular,a_acceso_fotos_nose,a_mandar_fotos_copia,a_borrar_fotos_nopuedo,a_mensaje_sin_wifi_antena,a_gratuidad_publicidades,a_escuela_n83_4to
5/5/2021 1:26:17,9,m,a_donde_compu_casa,"a_que_haces_compu_juegos, a_que_haces_compu_videos, a_que_haces_compu_tarea",a_donde_aprendiste_compu_solo,a_que_celu_usas_propio,"a_que_haces_celu_chat, a_que_haces_celu_videos, a_que_haces_celu_telefono",a_yt_nose,a_acceso_fotos_yo,a_mandar_fotos_copia,a_borrar_fotos_nopuedo,a_mensaje_sin_wifi_antena,a_gratuidad_publicidades,a_escuela_n83_4to
5/6/2021 21:52:15,10,m,a_donde_compu_casa,"a_que_haces_compu_juegos, a_que_haces_compu_videos, a_que_haces_compu_tarea","a_donde_aprendiste_compu_casa, a_donde_aprendiste_compu_solo",a_que_celu_usas_nouso,a_que_haces_celu_nouso,a_yt_nube,a_acceso_fotos_yo,a_mandar_fotos_enwa,a_borrar_fotos_nopuedo,a_mensaje_sin_wifi_satelite,a_gratuidad_publicidades,a_escuela_n83_5to
5/9/2021 0:05:40,9,f,a_donde_compu_casa,"a_que_haces_compu_juegos, a_que_haces_compu_videos, a_que_haces_compu_tarea, a_que_haces_compu_videollamada",a_donde_aprendiste_compu_casa,a_que_celu_usas_propio,"a_que_haces_celu_chat, a_que_haces_celu_redes, a_que_haces_celu_videos, a_que_haces_celu_telefono, a_que_haces_celu_juegos",a_yt_nube,a_acceso_fotos_yo,a_mandar_fotos_enwa,a_borrar_fotos_nose,a_mensaje_sin_wifi_red,a_gratuidad_publicidades,a_escuela_n83_4to
5/9/2021 4:44:19,9,f,a_donde_compu_casa,"a_que_haces_compu_tarea, a_que_haces_compu_videollamada",a_donde_aprendiste_compu_solo,a_que_celu_usas_propio,"a_que_haces_celu_chat, a_que_haces_celu_redes, a_que_haces_celu_videos, a_que_haces_celu_telefono, a_que_haces_celu_juegos",a_yt_nose,a_acceso_fotos_yo,a_mandar_fotos_copia,a_borrar_fotos_enelchat,a_mensaje_sin_wifi_satelite,a_gratuidad_publicidades,a_escuela_n83_4to 
5/9/2021 4:46:00,9,f,a_donde_compu_casa,"a_que_haces_compu_tarea, a_que_haces_compu_videollamada",a_donde_aprendiste_compu_solo,a_que_celu_usas_propio,"a_que_haces_celu_chat, a_que_haces_celu_redes, a_que_haces_celu_videos, a_que_haces_celu_telefono, a_que_haces_celu_juegos",a_yt_nose,a_acceso_fotos_yo,a_mandar_fotos_copia,a_borrar_fotos_enelchat,a_mensaje_sin_wifi_satelite,a_gratuidad_publicidades,a_escuela_n83_4to
5/10/2021 3:13:43,8,m,a_donde_compu_casa,a_que_haces_compu_juegos,a_donde_aprendiste_compu_casa,a_que_celu_usas_propio,"a_que_haces_celu_videos, a_que_haces_celu_juegos",a_yt_nube,a_acceso_fotos_yoyotros,a_mandar_fotos_nose,a_borrar_fotos_enelchat,a_mensaje_sin_wifi_satelite,a_gratuidad_paraquetodoslasusen,a_escuela_n83_4to
5/10/2021 15:05:40,10,m,a_donde_compu_casa,"a_que_haces_compu_juegos, a_que_haces_compu_videos, a_que_haces_compu_videollamada",a_donde_aprendiste_compu_solo,a_que_celu_usas_prestado,"a_que_haces_celu_chat, a_que_haces_celu_telefono",a_yt_nube,a_acceso_fotos_nose,a_mandar_fotos_enwa,a_borrar_fotos_enelchat,No sé,a_gratuidad_paraquetodoslasusen,a_escuela_n83_5to
5/10/2021 16:28:33,10,f,a_donde_compu_casa,"a_que_haces_compu_juegos, a_que_haces_compu_tarea",a_donde_aprendiste_compu_solo,a_que_celu_usas_propio,"a_que_haces_celu_chat, a_que_haces_celu_redes, a_que_haces_celu_telefono, a_que_haces_celu_juegos",a_yt_nube,a_acceso_fotos_yo,a_mandar_fotos_copia,a_borrar_fotos_enelchat,No sé,"a_gratuidad_datos, a_gratuidad_publicidades",a_escuela_n83_5to
5/10/2021 18:41:58,9,m,a_donde_compu_escuela,a_que_haces_compu_nouso,a_donde_aprendiste_compu_solo,a_que_celu_usas_propio,"a_que_haces_celu_chat, a_que_haces_celu_redes, a_que_haces_celu_videos, a_que_haces_celu_telefono, a_que_haces_celu_juegos, a_que_haces_celu_tarea",a_yt_nube,a_acceso_fotos_yo,a_mandar_fotos_enwa,a_borrar_fotos_enelchat,No sé,"a_gratuidad_datos, a_gratuidad_publicidades, a_gratuidad_paraquetodoslasusen",a_escuela_n83_4to
5/11/2021 1:06:19,9,m,a_donde_compu_casa,a_que_haces_compu_juegos,a_donde_aprendiste_compu_solo,a_que_celu_usas_propio,a_que_haces_celu_videos,a_yt_celular,a_acceso_fotos_yoyotros,a_mandar_fotos_copia,a_borrar_fotos_nose,a_mensaje_sin_wifi_directo,a_gratuidad_paraquetodoslasusen,a_escuela_n83_4to
5/11/2021 1:08:26,9,m,a_donde_compu_casa,a_que_haces_compu_juegos,a_donde_aprendiste_compu_solo,a_que_celu_usas_propio,a_que_haces_celu_videos,a_yt_celular,a_acceso_fotos_yoyotros,a_mandar_fotos_laveenmicelu,a_borrar_fotos_enelchat,a_mensaje_sin_wifi_directo,a_gratuidad_paraquetodoslasusen,a_escuela_n83_4to
5/11/2021 1:14:34,9,m,a_donde_compu_casa,a_que_haces_compu_juegos,a_donde_aprendiste_compu_solo,a_que_celu_usas_propio,"a_que_haces_celu_videos, a_que_haces_celu_juegos",a_yt_celular,a_acceso_fotos_yoyotros,a_mandar_fotos_laveenmicelu,a_borrar_fotos_enelchat,a_mensaje_sin_wifi_directo,a_gratuidad_paraquetodoslasusen,a_escuela_n83_4to
5/14/2021 1:45:18,9,m,a_donde_compu_nouso,a_que_haces_compu_nouso,a_donde_aprendiste_compu_solo,a_que_celu_usas_propio,"a_que_haces_celu_chat, a_que_haces_celu_redes, a_que_haces_celu_videos, a_que_haces_celu_telefono, a_que_haces_celu_juegos",a_yt_nose,a_acceso_fotos_yo,a_mandar_fotos_copia,a_borrar_fotos_nopuedo,a_mensaje_sin_wifi_directo,a_gratuidad_publicidades,a_escuela_n83_4to
5/14/2021 14:41:58,11,m,a_donde_compu_casa,a_que_haces_compu_tarea,a_donde_aprendiste_compu_escuela,a_que_celu_usas_propio,"a_que_haces_celu_videos, a_que_haces_celu_telefono",a_yt_1compu,a_acceso_fotos_yoyotros,a_mandar_fotos_laveenmicelu,a_borrar_fotos_enelchat,a_mensaje_sin_wifi_nube,a_gratuidad_yatienenplata,a_escuela_mistral_6to
5/14/2021 14:58:38,9,f,a_donde_compu_casa,"a_que_haces_compu_juegos, a_que_haces_compu_videos, a_que_haces_compu_tarea, a_que_haces_compu_videollamada",a_donde_aprendiste_compu_escuela,a_que_celu_usas_propio,"a_que_haces_celu_chat, a_que_haces_celu_redes, a_que_haces_celu_videos, a_que_haces_celu_telefono, a_que_haces_celu_juegos",a_yt_nose,a_acceso_fotos_yo,a_mandar_fotos_enwa,a_borrar_fotos_nopuedo,No sé,a_gratuidad_todoeninternetesgratis,a_escuela_mistral_5to
5/14/2021 14:58:45,10,m,a_donde_compu_casa,"a_que_haces_compu_juegos, a_que_haces_compu_videos, a_que_haces_compu_tarea, a_que_haces_compu_videollamada","a_donde_aprendiste_compu_casa, a_donde_aprendiste_compu_escuela",a_que_celu_usas_propio,a_que_haces_celu_juegos,a_yt_celular,a_acceso_fotos_yoyotros,a_mandar_fotos_nose,a_borrar_fotos_nose,No sé,a_gratuidad_paraquetodoslasusen,a_escuela_mistral_5to
5/14/2021 16:15:53,10,m,a_donde_compu_casa,"a_que_haces_compu_juegos, a_que_haces_compu_videos, a_que_haces_compu_tarea","a_donde_aprendiste_compu_casa, a_donde_aprendiste_compu_escuela",a_que_celu_usas_propio,"a_que_haces_celu_chat, a_que_haces_celu_redes, a_que_haces_celu_videos, a_que_haces_celu_telefono",a_yt_celular,a_acceso_fotos_yoyotros,a_mandar_fotos_laveenmicelu,a_borrar_fotos_enelchat,a_mensaje_sin_wifi_antena,"a_gratuidad_yatienenplata, a_gratuidad_datos, a_gratuidad_publicidades",a_escuela_mistral_5to
5/15/2021 1:11:26,11,f,a_donde_compu_casa,"a_que_haces_compu_juegos, a_que_haces_compu_videos, a_que_haces_compu_tarea, a_que_haces_compu_videollamada","a_donde_aprendiste_compu_casa, a_donde_aprendiste_compu_escuela",a_que_celu_usas_propio,"a_que_haces_celu_chat, a_que_haces_celu_redes, a_que_haces_celu_videos, a_que_haces_celu_juegos",a_yt_celular,a_acceso_fotos_yo,a_mandar_fotos_copia,a_borrar_fotos_nopuedo,No sé,"a_gratuidad_datos, a_gratuidad_publicidades",a_escuela_mistral_6to
5/17/2021 3:40:54,9,f,a_donde_compu_casa,"a_que_haces_compu_juegos, a_que_haces_compu_videos, a_que_haces_compu_tarea, a_que_haces_compu_videollamada",a_donde_aprendiste_compu_casa,a_que_celu_usas_nouso,a_que_haces_celu_nouso,a_yt_nube,a_acceso_fotos_yo,a_mandar_fotos_copia,a_borrar_fotos_enelchat,a_mensaje_sin_wifi_nube,a_gratuidad_publicidades,Escuela Gabriela Mistral - 4to grado
5/18/2021 1:20:29,9,f,a_donde_compu_casa,"a_que_haces_compu_juegos, a_que_haces_compu_tarea, a_que_haces_compu_videollamada","a_donde_aprendiste_compu_casa, a_donde_aprendiste_compu_escuela",a_que_celu_usas_prestado,"a_que_haces_celu_chat, a_que_haces_celu_telefono",a_yt_nose,a_acceso_fotos_yoyotros,a_mandar_fotos_copia,a_borrar_fotos_nopuedo,No sé,a_gratuidad_publicidades,a_escuela_n83_4to
5/18/2021 1:29:37,8,m,a_donde_compu_casa,a_que_haces_compu_tarea,a_donde_aprendiste_compu_casa,a_que_celu_usas_prestado,"a_que_haces_celu_videos, a_que_haces_celu_telefono, a_que_haces_celu_juegos",a_yt_nube,a_acceso_fotos_nose,a_mandar_fotos_enwa,a_borrar_fotos_nopuedo,a_mensaje_sin_wifi_satelite,a_gratuidad_publicidades,a_escuela_n83_3ro