Timestamp,Edad,G√©nero,¬øEn qu√© lugar us√°s com√∫nmente la computadora?,¬øQu√© hac√©s cuando us√°s la computadora (pod√©s elegir m√°s de una opci√≥n)?,¬øD√≥nde aprendiste a usar la computadora? (pod√©s elegir m√°s de una opci√≥n),¬øQu√© celular us√°s?,Si us√°s celular: ¬øqu√© haces cuando us√°s el celular? (pod√©s elegir m√°s de una opci√≥n),¬øD√≥nde se almacenan los videos que est√°n en YouTube?,¬øQui√©n tiene acceso a las fotos que tengo guardadas en mi celular?,Cuando le mando a una amiga una foto por WhatsApp...,"Si quiero hacer que mi amiga no pueda ver m√°s la foto, ¬øqu√© puedo hacer?",Sofi est√° en la calle sin Wi-Fi y le quiere mandar un mensaje de WhatsApp a Santi.  ¬øCu√°l de las cinco im√°genes representa mejor la manera en la que el mensaje viaja?,"Muchas de las aplicaciones que conocemos se pueden usar gratuitamente, como por ejemplo Facebook, YouTube, Instagram o TikTok. ¬øPor qu√© cre√©s que permiten su uso sin tener que pagar üíµ?",Escuela y grado
3/12/2021 19:15:01,10,Femenino,En mi casa,"Miro videos en YouTube, Hago la tarea","Me ense√±aron en mi casa (mis padres, hermanos u otro familiar)",El m√≠o,"Chateo (por ejemplo en WhatsApp o Telegram), Miro videos en YouTube, Hablo por tel√©fono",En una computadora,Yo y otras personas.,La foto ahora existe en WhatsApp y mi amiga la puede ver cuando mira nuestro chat.,Tengo que borrar la foto en el chat.,El mensaje se manda directamente.,"Porque obtienen dinero a trav√©s de las publicidades que nos muestran., Porque al ser gratuitas permiten que todos tengamos la misma posibilidad de acceder a ellas y utilizar sus servicios.",
3/17/2021 21:12:19,9,Femenino,En mi casa,Juego juegos,Aprend√≠ solo,El m√≠o,"Miro redes sociales (por ejemplo Facebook, TikTok o Instagram)",En una computadora,Solo yo.,La foto ahora existe en WhatsApp y mi amiga la puede ver cuando mira nuestro chat.,"No puedo hacer nada, mi amiga ahora tambi√©n tiene la foto y no tengo manera de sac√°rsela.",El mensaje se manda a trav√©s de la nube.,Porque ya tienen suficiente dinero y no necesitan m√°s.,
3/18/2021 21:28:35,10,Masculino,En mi casa,Miro videos en YouTube,Me ense√±aron en la escuela,El m√≠o,Juego juegos,En muchas computadoras (tantas que podr√≠an llenar una casa),Solo yo.,Le mando una copia de mi foto.,Tengo que borrar la foto en el chat.,El mensaje se manda a trav√©s de una red de antenas y computadoras.,Porque obtienen dinero vendiendo nuestros datos e informaci√≥n personal.,
3/26/2021 22:14:29,9,Femenino,En mi casa,"Juego juegos, Miro videos en YouTube, Hago videollamadas (por ejemplo por WhatsApp, Zoom, Skype o Meet)","Me ense√±aron en mi casa (mis padres, hermanos u otro familiar), Aprend√≠ solo",Me prestan uno,"Chateo (por ejemplo en WhatsApp o Telegram), Hablo por tel√©fono, Juego juegos",No s√©,Yo y otras personas.,Le mando una copia de mi foto.,Tengo que borrar la foto en el chat.,El mensaje se manda directamente.,"Porque obtienen dinero vendiendo nuestros datos e informaci√≥n personal., Porque al ser gratuitas permiten que todos tengamos la misma posibilidad de acceder a ellas y utilizar sus servicios.",
4/19/2021 13:40:42,9,Femenino,En mi casa,"Juego juegos, Miro videos en YouTube","Me ense√±aron en mi casa (mis padres, hermanos u otro familiar)",El m√≠o,Chateo (por ejemplo en WhatsApp o Telegram),En mi celular,Solo yo.,Le doy permiso para ver la foto que tengo guardada en mi celular.,Tengo que borrar la foto en el chat.,El mensaje se manda directamente.,Porque ya tienen suficiente dinero y no necesitan m√°s.,Escuela N¬∫ 83 Juan Arzeno - 4to grado
4/19/2021 13:44:57,8,Femenino,en mi piesa,"Juego juegos, Miro videos en YouTube, Hago la tarea, Hago videollamadas (por ejemplo por WhatsApp, Zoom, Skype o Meet)",Aprend√≠ solo,El m√≠o,"Chateo (por ejemplo en WhatsApp o Telegram), Miro redes sociales (por ejemplo Facebook, TikTok o Instagram), Miro videos en YouTube, Hablo por tel√©fono, Juego juegos",En mi celular,Solo yo.,"La foto ahora existe en WhatsApp y mi amiga la puede ver cuando mira nuestro chat, pero no la tiene en su celular",Tengo que borrar la foto en el chat.,No s√©,Porque al ser gratuitas permiten que todos tengamos la misma posibilidad de acceder a ellas y utilizar sus servicios.,Escuela N¬∫ 83 Juan Arzeno - 4to grado
4/19/2021 13:45:11,9,Masculino,En mi casa,"Juego juegos, Miro videos en YouTube","Me ense√±aron en mi casa (mis padres, hermanos u otro familiar), Aprend√≠ solo",El m√≠o,"Chateo (por ejemplo en WhatsApp o Telegram), Miro redes sociales (por ejemplo Facebook, TikTok o Instagram), Miro videos en YouTube, Hablo por tel√©fono, Juego juegos",En la nube,Yo y otras personas.,Le mando una copia de mi foto.,"No puedo hacer nada, mi amiga ahora tambi√©n tiene la foto y no tengo manera de sac√°rsela.",El mensaje se manda a trav√©s de una red de antenas y computadoras.,Porque obtienen dinero a trav√©s de las publicidades que nos muestran.,Escuela N¬∫ 83 Juan Arzeno - 4to grado
4/19/2021 13:45:27,9,Femenino,En mi casa,"Hago videollamadas (por ejemplo por WhatsApp, Zoom, Skype o Meet)",Me ense√±aron en la escuela,El m√≠o,"Hablo por tel√©fono, Juego juegos",En la nube,Solo yo.,Le mando una copia de mi foto.,"No puedo hacer nada, mi amiga ahora tambi√©n tiene la foto y no tengo manera de sac√°rsela.",El mensaje se manda a trav√©s de una red de antenas y computadoras.,Porque obtienen dinero a trav√©s de las publicidades que nos muestran.,Escuela N¬∫ 83 Juan Arzeno - 4to grado
4/19/2021 13:51:30,9,Femenino,En mi casa,"Juego juegos, Hago la tarea","Me ense√±aron en mi casa (mis padres, hermanos u otro familiar)",El m√≠o,"Chateo (por ejemplo en WhatsApp o Telegram), Miro redes sociales (por ejemplo Facebook, TikTok o Instagram)",En mi celular,Solo yo.,"La foto ahora existe en WhatsApp y mi amiga la puede ver cuando mira nuestro chat, pero no la tiene en su celular",Tengo que borrar la foto en el chat.,El mensaje se manda a trav√©s de una red de antenas y computadoras.,Porque ya tienen suficiente dinero y no necesitan m√°s.,Escuela N¬∫ 83 Juan Arzeno - 4to grado
4/19/2021 14:25:20,9,Femenino,En mi casa,"Hago la tarea, Hago videollamadas (por ejemplo por WhatsApp, Zoom, Skype o Meet)","Me ense√±aron en mi casa (mis padres, hermanos u otro familiar)",Me prestan uno,"Chateo (por ejemplo en WhatsApp o Telegram), Hablo por tel√©fono",No s√©,Solo yo.,Le mando una copia de mi foto.,Tengo que borrar la foto en el chat.,No s√©,"Porque obtienen dinero vendiendo nuestros datos e informaci√≥n personal., Porque obtienen dinero a trav√©s de las publicidades que nos muestran.",Escuela N¬∫ 83 Juan Arzeno - 4to grado
4/19/2021 14:41:03,9,Masculino,En mi casa,"Juego juegos, Miro videos en YouTube, Hago la tarea, Hago videollamadas (por ejemplo por WhatsApp, Zoom, Skype o Meet)","Me ense√±aron en mi casa (mis padres, hermanos u otro familiar)",Me prestan uno,"Chateo (por ejemplo en WhatsApp o Telegram), Miro redes sociales (por ejemplo Facebook, TikTok o Instagram), Miro videos en YouTube, Hablo por tel√©fono, Juego juegos",En una computadora,Yo y otras personas.,Le mando una copia de mi foto.,No s√©,El mensaje se manda directamente.,Porque al ser gratuitas permiten que todos tengamos la misma posibilidad de acceder a ellas y utilizar sus servicios.,Escuela N¬∫ 83 Juan Arzeno - 4to grado
4/19/2021 14:41:09,9,Masculino,En mi casa,"Juego juegos, Miro videos en YouTube, Hago la tarea","Me ense√±aron en mi casa (mis padres, hermanos u otro familiar)",El m√≠o,"Miro redes sociales (por ejemplo Facebook, TikTok o Instagram), Juego juegos",No s√©,Solo yo.,No s√©,Tengo que borrar la foto en el chat.,No s√©,Porque obtienen dinero a trav√©s de las publicidades que nos muestran.,Escuela N¬∫ 83 Juan Arzeno - 4to grado
4/19/2021 14:41:39,9,Masculino,En mi casa,"Juego juegos, Miro videos en YouTube, Hago la tarea, Hago videollamadas (por ejemplo por WhatsApp, Zoom, Skype o Meet)","Me ense√±aron en mi casa (mis padres, hermanos u otro familiar)",El m√≠o,"Chateo (por ejemplo en WhatsApp o Telegram), Miro videos en YouTube, Hablo por tel√©fono, Juego juegos",En much√≠simas computadoras (tantas que podr√≠an llenar una cancha de f√∫tbol),Solo yo.,Le mando una copia de mi foto.,Tengo que borrar la foto en el chat.,El mensaje se manda a trav√©s de una red de antenas y computadoras.,Porque obtienen dinero a trav√©s de las publicidades que nos muestran.,Escuela N¬∫ 83 Juan Arzeno - 4to grado
4/19/2021 14:41:43,9,Masculino,En mi casa,"Hago la tarea, Hago videollamadas (por ejemplo por WhatsApp, Zoom, Skype o Meet)","Me ense√±aron en mi casa (mis padres, hermanos u otro familiar), Me ense√±aron en la escuela",El m√≠o,"Chateo (por ejemplo en WhatsApp o Telegram), Hablo por tel√©fono, Juego juegos",En la nube,No s√©,"La foto ahora existe en WhatsApp y mi amiga la puede ver cuando mira nuestro chat, pero no la tiene en su celular",No s√©,No s√©,Porque obtienen dinero a trav√©s de las publicidades que nos muestran.,Escuela N¬∫ 83 Juan Arzeno - 4to grado
4/19/2021 14:42:35,10,Masculino,En mi casa,Juego juegos,Me ense√±aron en la escuela,Me prestan uno,Miro videos en YouTube,No s√©,Solo yo.,No s√©,Tengo que borrar la foto en el chat.,El mensaje se manda a trav√©s de una red de antenas y computadoras.,Porque obtienen dinero vendiendo nuestros datos e informaci√≥n personal.,Escuela N¬∫ 83 Juan Arzeno - 4to grado
4/19/2021 14:43:34,10,Femenino,En mi casa,"Juego juegos, Miro videos en YouTube","Me ense√±aron en mi casa (mis padres, hermanos u otro familiar), Me ense√±aron en la escuela",El m√≠o,"Miro videos en YouTube, Hablo por tel√©fono",No s√©,Yo y otras personas.,No s√©,Tengo que borrar la foto en el chat.,El mensaje se manda a trav√©s de una red de antenas y computadoras.,Porque todo lo que est√° en Internet es gratuito.,Escuela N¬∫ 83 Juan Arzeno - 4to grado
4/19/2021 14:48:59,9,Masculino,En mi casa,"Juego juegos, Miro videos en YouTube, Hago la tarea","Me ense√±aron en mi casa (mis padres, hermanos u otro familiar), Aprend√≠ solo",Me prestan uno,"Miro videos en YouTube, EDITO FOTOS",No s√©,Solo yo.,No s√©,Tengo que borrar la foto en el chat.,No s√©,"Porque ya tienen suficiente dinero y no necesitan m√°s., Porque obtienen dinero vendiendo nuestros datos e informaci√≥n personal., Porque obtienen dinero a trav√©s de las publicidades que nos muestran., Porque todo lo que est√° en Internet es gratuito.",Escuela N¬∫ 83 Juan Arzeno - 4to grado
4/19/2021 14:49:55,10,Masculino,En mi casa,"Juego juegos, Miro videos en YouTube, Hago la tarea",Aprend√≠ solo,El m√≠o,"Chateo (por ejemplo en WhatsApp o Telegram), Miro redes sociales (por ejemplo Facebook, TikTok o Instagram), Miro videos en YouTube, Juego juegos",No s√©,Solo yo.,Le doy permiso para ver la foto que tengo guardada en mi celular.,No s√©,El mensaje se manda a trav√©s de una antena.,Porque obtienen dinero a trav√©s de las publicidades que nos muestran.,Escuela N¬∫ 83 Juan Arzeno - 5to grado
4/19/2021 14:56:19,10,Masculino,En mi casa,"Hago la tarea, Hago videollamadas (por ejemplo por WhatsApp, Zoom, Skype o Meet)",Aprend√≠ solo,El m√≠o,"Chateo (por ejemplo en WhatsApp o Telegram), Miro videos en YouTube, Hablo por tel√©fono, Juego juegos",En la nube,Solo yo.,"La foto ahora existe en WhatsApp y mi amiga la puede ver cuando mira nuestro chat, pero no la tiene en su celular",Tengo que borrar la foto en el chat.,No s√©,Porque al ser gratuitas permiten que todos tengamos la misma posibilidad de acceder a ellas y utilizar sus servicios.,Escuela N¬∫ 83 Juan Arzeno - 5to grado
4/19/2021 15:08:29,9,Masculino,En mi casa,"Juego juegos, Miro videos en YouTube","Me ense√±aron en mi casa (mis padres, hermanos u otro familiar), Aprend√≠ solo",El m√≠o,"Chateo (por ejemplo en WhatsApp o Telegram), Miro redes sociales (por ejemplo Facebook, TikTok o Instagram), Miro videos en YouTube, Hablo por tel√©fono, Juego juegos",En la nube,Yo y otras personas.,Le mando una copia de mi foto.,"No puedo hacer nada, mi amiga ahora tambi√©n tiene la foto y no tengo manera de sac√°rsela.",El mensaje se manda a trav√©s de una red de antenas y computadoras.,Porque obtienen dinero a trav√©s de las publicidades que nos muestran.,Escuela N¬∫ 83 Juan Arzeno - 4to grado
4/19/2021 15:09:32,9,Masculino,En mi casa,"Hago videollamadas (por ejemplo por WhatsApp, Zoom, Skype o Meet)","Me ense√±aron en mi casa (mis padres, hermanos u otro familiar)",No uso celular,Nunca uso el celular,En la nube,No s√©,No s√©,No s√©,No s√©,Porque al ser gratuitas permiten que todos tengamos la misma posibilidad de acceder a ellas y utilizar sus servicios.,Escuela N¬∫ 83 Juan Arzeno - 4to grado
4/19/2021 15:10:28,10,Femenino,En mi casa,"Juego juegos, dibujar",Aprend√≠ solo,El m√≠o,"Chateo (por ejemplo en WhatsApp o Telegram), Miro redes sociales (por ejemplo Facebook, TikTok o Instagram), Miro videos en YouTube, Hablo por tel√©fono, Juego juegos",En la nube,Solo yo.,Le mando una copia de mi foto.,"No puedo hacer nada, mi amiga ahora tambi√©n tiene la foto y no tengo manera de sac√°rsela.",No s√©,Porque obtienen dinero a trav√©s de las publicidades que nos muestran.,Escuela N¬∫ 83 Juan Arzeno - 4to grado
4/19/2021 15:11:58,9,Femenino,En mi casa,"Juego juegos, Miro videos en YouTube, Hago la tarea, Hago videollamadas (por ejemplo por WhatsApp, Zoom, Skype o Meet)",Aprend√≠ solo,No uso celular,"Chateo (por ejemplo en WhatsApp o Telegram), Miro videos en YouTube, Hablo por tel√©fono, Juego juegos",En una computadora,Solo yo.,"La foto ahora existe en WhatsApp y mi amiga la puede ver cuando mira nuestro chat, pero no la tiene en su celular",Tengo que borrar la foto en el chat.,El mensaje se manda directamente.,Porque al ser gratuitas permiten que todos tengamos la misma posibilidad de acceder a ellas y utilizar sus servicios.,Escuela N¬∫ 83 Juan Arzeno - 4to grado
4/19/2021 15:12:07,10,Femenino,En mi casa,"Juego juegos, Hago la tarea","Me ense√±aron en mi casa (mis padres, hermanos u otro familiar)",El m√≠o,"Chateo (por ejemplo en WhatsApp o Telegram), Juego juegos",No s√©,Solo yo.,"La foto ahora existe en WhatsApp y mi amiga la puede ver cuando mira nuestro chat, pero no la tiene en su celular",Tengo que borrar la foto en el chat.,El mensaje se manda a trav√©s de una antena.,Porque obtienen dinero a trav√©s de las publicidades que nos muestran.,Escuela N¬∫ 83 Juan Arzeno - 5to grado
4/19/2021 15:27:06,8,Femenino,En la escuela,"Hago la tarea, Hago videollamadas (por ejemplo por WhatsApp, Zoom, Skype o Meet)","Me ense√±aron en mi casa (mis padres, hermanos u otro familiar), Me ense√±aron en la escuela",No uso celular,Nunca uso el celular,En la nube,Solo yo.,Le mando una copia de mi foto.,"No puedo hacer nada, mi amiga ahora tambi√©n tiene la foto y no tengo manera de sac√°rsela.",El mensaje se manda a trav√©s de una antena.,Porque obtienen dinero a trav√©s de las publicidades que nos muestran.,Escuela N¬∫ 83 Juan Arzeno - 4to grado
4/19/2021 15:28:41,9,Masculino,En mi casa,"Juego juegos, Miro videos en YouTube","Me ense√±aron en mi casa (mis padres, hermanos u otro familiar), Aprend√≠ solo",El m√≠o,"Chateo (por ejemplo en WhatsApp o Telegram), Miro redes sociales (por ejemplo Facebook, TikTok o Instagram), Miro videos en YouTube, Hablo por tel√©fono, Juego juegos",En la nube,Yo y otras personas.,Le mando una copia de mi foto.,"No puedo hacer nada, mi amiga ahora tambi√©n tiene la foto y no tengo manera de sac√°rsela.",El mensaje se manda a trav√©s de una red de antenas y computadoras.,Porque obtienen dinero a trav√©s de las publicidades que nos muestran.,Escuela N¬∫ 83 Juan Arzeno - 4to grado
4/19/2021 15:31:38,10,Femenino,En mi casa,"Juego juegos, Hago la tarea, Hago videollamadas (por ejemplo por WhatsApp, Zoom, Skype o Meet), escucho musica","Me ense√±aron en la escuela, Aprend√≠ solo",Me prestan uno,"Chateo (por ejemplo en WhatsApp o Telegram), Hablo por tel√©fono, Juego juegos, edito ",En la nube,Yo y otras personas.,Le mando una copia de mi foto.,"No puedo hacer nada, mi amiga ahora tambi√©n tiene la foto y no tengo manera de sac√°rsela.",El mensaje se manda a trav√©s de un sat√©lite.,Porque obtienen dinero a trav√©s de las publicidades que nos muestran.,Escuela N¬∫ 83 Juan Arzeno - 5to grado
4/19/2021 15:44:04,10,Femenino,En mi casa,"Juego juegos, Hago la tarea, Hago videollamadas (por ejemplo por WhatsApp, Zoom, Skype o Meet)",Aprend√≠ solo,Me prestan uno,"Chateo (por ejemplo en WhatsApp o Telegram), Hablo por tel√©fono, Juego juegos",En la nube,Solo yo.,"La foto ahora existe en WhatsApp y mi amiga la puede ver cuando mira nuestro chat, pero no la tiene en su celular",Tengo que borrar la foto en el chat.,El mensaje se manda a trav√©s de una antena.,Porque al ser gratuitas permiten que todos tengamos la misma posibilidad de acceder a ellas y utilizar sus servicios.,Escuela N¬∫ 83 Juan Arzeno - 5to grado
4/19/2021 15:45:38,10,Femenino,En mi casa,"Juego juegos, Miro videos en YouTube, Hago la tarea","Me ense√±aron en mi casa (mis padres, hermanos u otro familiar)",El m√≠o,"Chateo (por ejemplo en WhatsApp o Telegram), Miro redes sociales (por ejemplo Facebook, TikTok o Instagram), Miro videos en YouTube, Juego juegos",No s√©,Solo yo.,"La foto ahora existe en WhatsApp y mi amiga la puede ver cuando mira nuestro chat, pero no la tiene en su celular",Tengo que borrar la foto en el chat.,No s√©,Porque ya tienen suficiente dinero y no necesitan m√°s.,Escuela N¬∫ 83 Juan Arzeno - 5to grado
4/19/2021 15:45:51,10,Femenino,En mi casa,"Juego juegos, Miro videos en YouTube, Hago la tarea, Hago videollamadas (por ejemplo por WhatsApp, Zoom, Skype o Meet)",Aprend√≠ solo,El m√≠o,"Chateo (por ejemplo en WhatsApp o Telegram), Miro redes sociales (por ejemplo Facebook, TikTok o Instagram), Miro videos en YouTube, Hablo por tel√©fono, Juego juegos",En much√≠simas computadoras (tantas que podr√≠an llenar una cancha de f√∫tbol),Solo yo.,"La foto ahora existe en WhatsApp y mi amiga la puede ver cuando mira nuestro chat, pero no la tiene en su celular","No puedo hacer nada, mi amiga ahora tambi√©n tiene la foto y no tengo manera de sac√°rsela.",El mensaje se manda a trav√©s de un sat√©lite.,Porque obtienen dinero a trav√©s de las publicidades que nos muestran.,Escuela N¬∫ 83 Juan Arzeno - 5to grado
4/19/2021 15:47:35,10,Masculino,en la casa de mi abuela,"Juego juegos, Miro videos en YouTube","Me ense√±aron en la escuela, Aprend√≠ solo",El m√≠o,Juego juegos,En mi celular,Yo y otras personas.,"La foto ahora existe en WhatsApp y mi amiga la puede ver cuando mira nuestro chat, pero no la tiene en su celular","No puedo hacer nada, mi amiga ahora tambi√©n tiene la foto y no tengo manera de sac√°rsela.",El mensaje se manda a trav√©s de una antena.,Porque obtienen dinero a trav√©s de las publicidades que nos muestran.,Escuela N¬∫ 83 Juan Arzeno - 5to grado
4/19/2021 15:48:25,10,Masculino,En la escuela,"Juego juegos, Miro videos en YouTube, Hago la tarea","Me ense√±aron en la escuela, Aprend√≠ solo",El m√≠o,"Chateo (por ejemplo en WhatsApp o Telegram), Miro redes sociales (por ejemplo Facebook, TikTok o Instagram), Miro videos en YouTube, Hablo por tel√©fono, Juego juegos",En la nube,Solo yo.,"La foto ahora existe en WhatsApp y mi amiga la puede ver cuando mira nuestro chat, pero no la tiene en su celular","No puedo hacer nada, mi amiga ahora tambi√©n tiene la foto y no tengo manera de sac√°rsela.",El mensaje se manda a trav√©s de una red de antenas y computadoras.,Porque obtienen dinero a trav√©s de las publicidades que nos muestran.,Escuela N¬∫ 83 Juan Arzeno - 5to grado
4/19/2021 15:50:07,10,Femenino,En mi casa,"Juego juegos, Miro videos en YouTube, Hago la tarea","Me ense√±aron en mi casa (mis padres, hermanos u otro familiar)",Me prestan uno,"Chateo (por ejemplo en WhatsApp o Telegram), Miro redes sociales (por ejemplo Facebook, TikTok o Instagram)",No s√©,Yo y otras personas.,"La foto ahora existe en WhatsApp y mi amiga la puede ver cuando mira nuestro chat, pero no la tiene en su celular","No puedo hacer nada, mi amiga ahora tambi√©n tiene la foto y no tengo manera de sac√°rsela.",No s√©,Porque al ser gratuitas permiten que todos tengamos la misma posibilidad de acceder a ellas y utilizar sus servicios.,Escuela N¬∫ 83 Juan Arzeno - 5to grado
4/19/2021 15:50:15,10,Femenino,En mi casa,"Juego juegos, Hago videollamadas (por ejemplo por WhatsApp, Zoom, Skype o Meet)","Me ense√±aron en mi casa (mis padres, hermanos u otro familiar)",No uso celular,Juego juegos,En la nube,No s√©,No s√©,Tengo que borrar la foto en el chat.,El mensaje se manda a trav√©s de una red de antenas y computadoras.,Porque obtienen dinero a trav√©s de las publicidades que nos muestran.,Escuela N¬∫ 83 Juan Arzeno - 5to grado
4/19/2021 15:50:33,10,Femenino,En mi casa,"Hago videollamadas (por ejemplo por WhatsApp, Zoom, Skype o Meet)",Aprend√≠ solo,El m√≠o,"Miro redes sociales (por ejemplo Facebook, TikTok o Instagram)",En la nube,Solo yo.,Le mando una copia de mi foto.,"No puedo hacer nada, mi amiga ahora tambi√©n tiene la foto y no tengo manera de sac√°rsela.",No s√©,para tener mas intalaciones en la app store y play store,Escuela N¬∫ 83 Juan Arzeno - 5to grado
4/19/2021 15:50:59,9,Femenino,En mi casa,Juego juegos,"Me ense√±aron en mi casa (mis padres, hermanos u otro familiar)",Me prestan uno,Juego juegos,En mi celular,Solo yo.,"La foto ahora existe en WhatsApp y mi amiga la puede ver cuando mira nuestro chat, pero no la tiene en su celular",Tengo que borrar la foto en el chat.,El mensaje se manda a trav√©s de un sat√©lite.,Porque todo lo que est√° en Internet es gratuito.,Escuela N¬∫ 83 Juan Arzeno - 5to grado
4/19/2021 15:52:28,10,Masculino,En mi casa,Juego juegos,Me ense√±aron en la escuela,El m√≠o,"Chateo (por ejemplo en WhatsApp o Telegram), Miro redes sociales (por ejemplo Facebook, TikTok o Instagram), Hablo por tel√©fono, Juego juegos",En la nube,Solo yo.,No s√©,"No puedo hacer nada, mi amiga ahora tambi√©n tiene la foto y no tengo manera de sac√°rsela.",El mensaje se manda a trav√©s de una red de antenas y computadoras.,"Porque al ser gratuitas permiten que todos tengamos la misma posibilidad de acceder a ellas y utilizar sus servicios., Porque todo lo que est√° en Internet es gratuito., No todo es Gratuito",Escuela N¬∫ 83 Juan Arzeno - 5to grado
4/19/2021 15:53:04,9,Femenino,En mi casa,"Juego juegos, Miro videos en YouTube",Aprend√≠ solo,El m√≠o,"Miro videos en YouTube, Juego juegos",En la nube,Solo yo.,Le doy permiso para ver la foto que tengo guardada en mi celular.,Tengo que borrar la foto en el chat.,No s√©,Porque al ser gratuitas permiten que todos tengamos la misma posibilidad de acceder a ellas y utilizar sus servicios.,Escuela N¬∫ 83 Juan Arzeno - 5to grado
4/19/2021 16:07:53,10,Masculino,En mi casa,"Juego juegos, Miro videos en YouTube",Aprend√≠ solo,El m√≠o,"Miro videos en YouTube, Juego juegos",En una computadora,Yo y otras personas.,"La foto ahora existe en WhatsApp y mi amiga la puede ver cuando mira nuestro chat, pero no la tiene en su celular",Tengo que borrar la foto en el chat.,El mensaje se manda directamente.,Porque todo lo que est√° en Internet es gratuito.,Escuela N¬∫ 83 Juan Arzeno - 5to grado
4/19/2021 16:10:01,10,Masculino,En mi casa,"Juego juegos, Miro videos en YouTube",Aprend√≠ solo,El m√≠o,"Miro videos en YouTube, Juego juegos",En una computadora,Yo y otras personas.,"La foto ahora existe en WhatsApp y mi amiga la puede ver cuando mira nuestro chat, pero no la tiene en su celular",Tengo que borrar la foto en el chat.,El mensaje se manda a trav√©s de un sat√©lite.,Porque todo lo que est√° en Internet es gratuito.,Escuela N¬∫ 83 Juan Arzeno - 5to grado
4/19/2021 16:11:43,10,Masculino,En mi casa,"Juego juegos, Miro videos en YouTube",Aprend√≠ solo,El m√≠o,"Miro videos en YouTube, Juego juegos",En una computadora,Solo yo.,"La foto ahora existe en WhatsApp y mi amiga la puede ver cuando mira nuestro chat, pero no la tiene en su celular",Tengo que borrar la foto en el chat.,El mensaje se manda a trav√©s de un sat√©lite.,Porque todo lo que est√° en Internet es gratuito.,Escuela N¬∫ 83 Juan Arzeno - 5to grado
4/19/2021 16:12:51,10,Femenino,En mi casa,"Juego juegos, Miro videos en YouTube, Hago la tarea, Hago videollamadas (por ejemplo por WhatsApp, Zoom, Skype o Meet)","Me ense√±aron en mi casa (mis padres, hermanos u otro familiar)",El m√≠o,"Miro videos en YouTube, Juego juegos",No s√©,Solo yo.,Le mando una copia de mi foto.,"No puedo hacer nada, mi amiga ahora tambi√©n tiene la foto y no tengo manera de sac√°rsela.",El mensaje se manda a trav√©s de un sat√©lite.,Porque obtienen dinero a trav√©s de las publicidades que nos muestran.,Escuela N¬∫ 83 Juan Arzeno - 5to grado
4/19/2021 16:14:21,10,Femenino,En mi casa,"Juego juegos, Miro videos en YouTube, Hago la tarea","Me ense√±aron en mi casa (mis padres, hermanos u otro familiar)",Me prestan uno,"Miro videos en YouTube, Juego juegos",En mi celular,Solo yo.,Le mando una copia de mi foto.,Tengo que borrar la foto en el chat.,No s√©,Porque obtienen dinero a trav√©s de las publicidades que nos muestran.,Escuela N¬∫ 83 Juan Arzeno - 5to grado
4/19/2021 16:14:57,10,Masculino,En mi casa,"Juego juegos, Miro videos en YouTube",Aprend√≠ solo,El m√≠o,"Miro videos en YouTube, Juego juegos",En una computadora,Yo y otras personas.,"La foto ahora existe en WhatsApp y mi amiga la puede ver cuando mira nuestro chat, pero no la tiene en su celular",Tengo que borrar la foto en el chat.,El mensaje se manda directamente.,Porque todo lo que est√° en Internet es gratuito.,Escuela N¬∫ 83 Juan Arzeno - 5to grado
4/19/2021 16:20:32,10,Masculino,En mi casa,"Juego juegos, Miro videos en YouTube, Hago la tarea, Hago videollamadas (por ejemplo por WhatsApp, Zoom, Skype o Meet)","Me ense√±aron en mi casa (mis padres, hermanos u otro familiar), Aprend√≠ solo",No uso celular,Nunca uso el celular,En much√≠simas computadoras (tantas que podr√≠an llenar una cancha de f√∫tbol),No s√©,"La foto ahora existe en WhatsApp y mi amiga la puede ver cuando mira nuestro chat, pero no la tiene en su celular",Tengo que borrar la foto en el chat.,El mensaje se manda a trav√©s de una red de antenas y computadoras.,Porque obtienen dinero a trav√©s de las publicidades que nos muestran.,Escuela N¬∫ 83 Juan Arzeno - 5to grado
4/19/2021 16:25:07,10,Femenino,En mi casa,"Juego juegos, Miro videos en YouTube, Hago la tarea","Me ense√±aron en mi casa (mis padres, hermanos u otro familiar)",El m√≠o,"Chateo (por ejemplo en WhatsApp o Telegram), Miro redes sociales (por ejemplo Facebook, TikTok o Instagram), Miro videos en YouTube, Hablo por tel√©fono, Juego juegos",No s√©,Solo yo.,"La foto ahora existe en WhatsApp y mi amiga la puede ver cuando mira nuestro chat, pero no la tiene en su celular",Tengo que borrar la foto en el chat.,El mensaje se manda a trav√©s de una red de antenas y computadoras.,Porque obtienen dinero vendiendo nuestros datos e informaci√≥n personal.,Escuela N¬∫ 83 Juan Arzeno - 5to grado
4/19/2021 16:34:44,10,Masculino,En mi casa,"Juego juegos, Hago la tarea, Hago videollamadas (por ejemplo por WhatsApp, Zoom, Skype o Meet)","Me ense√±aron en mi casa (mis padres, hermanos u otro familiar)",Me prestan uno,"Chateo (por ejemplo en WhatsApp o Telegram), Hablo por tel√©fono",En la nube,Solo yo.,Le mando una copia de mi foto.,"No puedo hacer nada, mi amiga ahora tambi√©n tiene la foto y no tengo manera de sac√°rsela.",El mensaje se manda a trav√©s de la nube.,Porque obtienen dinero a trav√©s de las publicidades que nos muestran.,Escuela N¬∫ 83 Juan Arzeno - 5to grado
4/19/2021 16:37:01,9,Femenino,En mi casa,"Miro videos en YouTube, Hago la tarea, Hago videollamadas (por ejemplo por WhatsApp, Zoom, Skype o Meet)","Me ense√±aron en mi casa (mis padres, hermanos u otro familiar)",El m√≠o,"Chateo (por ejemplo en WhatsApp o Telegram), Miro redes sociales (por ejemplo Facebook, TikTok o Instagram), Miro videos en YouTube, Juego juegos",No s√©,Solo yo.,Le mando una copia de mi foto.,"No puedo hacer nada, mi amiga ahora tambi√©n tiene la foto y no tengo manera de sac√°rsela.",No s√©,Porque obtienen dinero a trav√©s de las publicidades que nos muestran.,Escuela N¬∫ 83 Juan Arzeno - 4to grado
4/19/2021 16:44:40,10,Femenino,En mi casa,"No, uso computardora tengo pero no uso","Me ense√±aron en mi casa (mis padres, hermanos u otro familiar)",El m√≠o,"Chateo (por ejemplo en WhatsApp o Telegram), Miro redes sociales (por ejemplo Facebook, TikTok o Instagram), Miro videos en YouTube, Hablo por tel√©fono, Juego juegos",No s√©,Yo y otras personas.,No s√©,Tengo que borrar la foto en el chat.,El mensaje se manda a trav√©s de una red de antenas y computadoras.,Porque ya tienen suficiente dinero y no necesitan m√°s.,Escuela N¬∫ 83 Juan Arzeno - 5to grado
4/19/2021 17:04:07,10,Masculino,En mi casa,"Juego juegos, Hago la tarea, Hago videollamadas (por ejemplo por WhatsApp, Zoom, Skype o Meet), Escribo historias y dibujo",Aprend√≠ solo,El m√≠o,"Chateo (por ejemplo en WhatsApp o Telegram), Juego juegos",No s√©,Yo y otras personas.,"La foto ahora existe en WhatsApp y mi amiga la puede ver cuando mira nuestro chat, pero no la tiene en su celular","No puedo hacer nada, mi amiga ahora tambi√©n tiene la foto y no tengo manera de sac√°rsela.",El mensaje se manda a trav√©s de una red de antenas y computadoras.,Porque obtienen dinero a trav√©s de las publicidades que nos muestran.,Escuela N¬∫ 83 Juan Arzeno - 5to grado
4/19/2021 17:05:22,10,Masculino,En mi casa,"Juego juegos, Hago la tarea, Hago videollamadas (por ejemplo por WhatsApp, Zoom, Skype o Meet), Escribo historias y dibujo",Aprend√≠ solo,El m√≠o,"Chateo (por ejemplo en WhatsApp o Telegram), Juego juegos",No s√©,Yo y otras personas.,"La foto ahora existe en WhatsApp y mi amiga la puede ver cuando mira nuestro chat, pero no la tiene en su celular","No puedo hacer nada, mi amiga ahora tambi√©n tiene la foto y no tengo manera de sac√°rsela.",El mensaje se manda a trav√©s de una red de antenas y computadoras.,Porque obtienen dinero a trav√©s de las publicidades que nos muestran.,Escuela N¬∫ 83 Juan Arzeno - 5to grado
4/19/2021 17:06:13,10,Femenino,En mi casa,Juego juegos,"Me ense√±aron en mi casa (mis padres, hermanos u otro familiar)",El m√≠o,"Miro redes sociales (por ejemplo Facebook, TikTok o Instagram)",En mi celular,Solo yo.,Le mando una copia de mi foto.,Tengo que borrar la foto en el chat.,No s√©,Porque obtienen dinero a trav√©s de las publicidades que nos muestran.,Escuela N¬∫ 83 Juan Arzeno - 5to grado
4/19/2021 17:25:04,10,Masculino,En mi casa,Miro videos en YouTube,Aprend√≠ solo,Me prestan uno,"Chateo (por ejemplo en WhatsApp o Telegram), Miro videos en YouTube, Hablo por tel√©fono, Juego juegos",En la nube,Yo y otras personas.,"La foto ahora existe en WhatsApp y mi amiga la puede ver cuando mira nuestro chat, pero no la tiene en su celular",Tengo que borrar la foto en el chat.,El mensaje se manda directamente.,Porque ya tienen suficiente dinero y no necesitan m√°s.,Escuela N¬∫ 83 Juan Arzeno - 5to grado
4/19/2021 18:52:04,9,Femenino,En mi casa,"Juego juegos, Hago la tarea, Hago videollamadas (por ejemplo por WhatsApp, Zoom, Skype o Meet), Miro Netflix","Me ense√±aron en mi casa (mis padres, hermanos u otro familiar), Aprend√≠ solo",El m√≠o,"Chateo (por ejemplo en WhatsApp o Telegram), Miro redes sociales (por ejemplo Facebook, TikTok o Instagram), Hablo por tel√©fono",No s√©,Solo yo.,Le mando una copia de mi foto.,Tengo que borrar la foto en el chat.,No s√©,"Porque al ser gratuitas permiten que todos tengamos la misma posibilidad de acceder a ellas y utilizar sus servicios., Al instalarte la aplicaci√≥n les llega plata",Escuela N¬∫ 83 Juan Arzeno - 5to grado
4/19/2021 20:07:03,9,Masculino,Casa de mi pap√° ,"Hago la tarea, Hago videollamadas (por ejemplo por WhatsApp, Zoom, Skype o Meet)","Me ense√±aron en mi casa (mis padres, hermanos u otro familiar)",No uso celular,Miro videos en YouTube,En la nube,Yo y otras personas.,Le mando una copia de mi foto.,Tengo que borrar la foto en el chat.,El mensaje se manda a trav√©s de una red de antenas y computadoras.,Porque obtienen dinero a trav√©s de las publicidades que nos muestran.,Escuela N¬∫ 83 Juan Arzeno - 4to grado
4/19/2021 21:04:41,10,Masculino,En mi casa,"Juego juegos, Miro videos en YouTube, Hago la tarea","Me ense√±aron en mi casa (mis padres, hermanos u otro familiar)",No uso celular,Nunca uso el celular,En la nube,Solo yo.,"La foto ahora existe en WhatsApp y mi amiga la puede ver cuando mira nuestro chat, pero no la tiene en su celular",Tengo que borrar la foto en el chat.,El mensaje se manda a trav√©s de la nube.,Porque obtienen dinero a trav√©s de las publicidades que nos muestran.,Escuela N¬∫ 83 Juan Arzeno - 5to grado
4/20/2021 2:55:57,10,Masculino,En mi casa,"Juego juegos, Miro videos en YouTube, Hago la tarea, Hago videollamadas (por ejemplo por WhatsApp, Zoom, Skype o Meet)",Aprend√≠ solo,El m√≠o,"Chateo (por ejemplo en WhatsApp o Telegram), Miro redes sociales (por ejemplo Facebook, TikTok o Instagram), Miro videos en YouTube, Hablo por tel√©fono, Juego juegos",En la nube,Solo yo.,"La foto ahora existe en WhatsApp y mi amiga la puede ver cuando mira nuestro chat, pero no la tiene en su celular",Tengo que borrar la foto en el chat.,El mensaje se manda a trav√©s de una red de antenas y computadoras.,Porque obtienen dinero a trav√©s de las publicidades que nos muestran.,Escuela N¬∫ 83 Juan Arzeno - 5to grado
4/20/2021 15:55:25,10,Masculino,En mi casa,"Juego juegos, Miro videos en YouTube, Hago la tarea",Aprend√≠ solo,El m√≠o,"Chateo (por ejemplo en WhatsApp o Telegram), Miro redes sociales (por ejemplo Facebook, TikTok o Instagram), Miro videos en YouTube, Hablo por tel√©fono, Juego juegos",En la nube,Solo yo.,"La foto ahora existe en WhatsApp y mi amiga la puede ver cuando mira nuestro chat, pero no la tiene en su celular",Tengo que borrar la foto en el chat.,El mensaje se manda a trav√©s de una antena.,"Porque obtienen dinero vendiendo nuestros datos e informaci√≥n personal., Porque obtienen dinero a trav√©s de las publicidades que nos muestran.",Escuela N¬∫ 83 Juan Arzeno - 5to grado
4/20/2021 21:00:26,9,Femenino,En mi casa,"Juego juegos, Miro videos en YouTube, Hago la tarea, Hago videollamadas (por ejemplo por WhatsApp, Zoom, Skype o Meet)","Me ense√±aron en mi casa (mis padres, hermanos u otro familiar), Aprend√≠ solo",Me prestan uno,"Chateo (por ejemplo en WhatsApp o Telegram), Hablo por tel√©fono, Juego juegos",En la nube,No s√©,"La foto ahora existe en WhatsApp y mi amiga la puede ver cuando mira nuestro chat, pero no la tiene en su celular",Tengo que borrar la foto en el chat.,No s√©,Porque obtienen dinero a trav√©s de las publicidades que nos muestran.,Escuela N¬∫ 83 Juan Arzeno - 4to grado
4/20/2021 22:52:51,9,Femenino,En mi casa,"Juego juegos, Miro videos en YouTube, Hago la tarea, Hago videollamadas (por ejemplo por WhatsApp, Zoom, Skype o Meet), Dibujo",Aprend√≠ solo,El m√≠o,"Chateo (por ejemplo en WhatsApp o Telegram), Miro redes sociales (por ejemplo Facebook, TikTok o Instagram), Hablo por tel√©fono",En la nube,Solo yo.,"La foto ahora existe en WhatsApp y mi amiga la puede ver cuando mira nuestro chat, pero no la tiene en su celular",Tengo que borrar la foto en el chat.,El mensaje se manda a trav√©s de una antena.,Porque al ser gratuitas permiten que todos tengamos la misma posibilidad de acceder a ellas y utilizar sus servicios.,Escuela N¬∫ 83 Juan Arzeno - 4to grado
4/20/2021 23:30:23,9,Femenino,En mi casa,"Juego juegos, Hago la tarea, Hago videollamadas (por ejemplo por WhatsApp, Zoom, Skype o Meet)","Me ense√±aron en mi casa (mis padres, hermanos u otro familiar)",Me prestan uno,"Chateo (por ejemplo en WhatsApp o Telegram), Miro videos en YouTube, Juego juegos",En una computadora,Solo yo.,"La foto ahora existe en WhatsApp y mi amiga la puede ver cuando mira nuestro chat, pero no la tiene en su celular",Tengo que borrar la foto en el chat.,El mensaje se manda a trav√©s de una antena.,Porque obtienen dinero a trav√©s de las publicidades que nos muestran.,Escuela N¬∫ 83 Juan Arzeno - 4to grado
4/20/2021 23:40:21,8,Femenino,En mi casa,"Juego juegos, Miro videos en YouTube, Hago la tarea","Me ense√±aron en mi casa (mis padres, hermanos u otro familiar)",No uso celular,Nunca uso el celular,No s√©,Yo y otras personas.,"La foto ahora existe en WhatsApp y mi amiga la puede ver cuando mira nuestro chat, pero no la tiene en su celular",Tengo que borrar la foto en el chat.,El mensaje se manda directamente.,Porque obtienen dinero a trav√©s de las publicidades que nos muestran.,Escuela N¬∫ 83 Juan Arzeno - 4to grado
4/21/2021 1:08:13,8,Masculino,En mi casa,"Juego juegos, Miro videos en YouTube, Hago la tarea","Me ense√±aron en mi casa (mis padres, hermanos u otro familiar)",Me prestan uno,"Chateo (por ejemplo en WhatsApp o Telegram), Miro videos en YouTube, Hablo por tel√©fono, Juego juegos",En much√≠simas computadoras (tantas que podr√≠an llenar una cancha de f√∫tbol),Solo yo.,Le mando una copia de mi foto.,"No puedo hacer nada, mi amiga ahora tambi√©n tiene la foto y no tengo manera de sac√°rsela.",El mensaje se manda a trav√©s de una red de antenas y computadoras.,"Porque obtienen dinero vendiendo nuestros datos e informaci√≥n personal., Porque obtienen dinero a trav√©s de las publicidades que nos muestran.",Escuela N¬∫ 83 Juan Arzeno - 4to grado
4/21/2021 1:33:25,8,Masculino,En mi casa,"Juego juegos, Hago la tarea","Me ense√±aron en mi casa (mis padres, hermanos u otro familiar)",Me prestan uno,"Chateo (por ejemplo en WhatsApp o Telegram), Hablo por tel√©fono",En la nube,Yo y otras personas.,No s√©,No s√©,No s√©,no lo se,Escuela N¬∫ 83 Juan Arzeno - 4to grado
4/21/2021 3:33:20,10,Femenino,En mi casa,"Juego juegos, Miro videos en YouTube, Hago la tarea","Me ense√±aron en mi casa (mis padres, hermanos u otro familiar)",Me prestan uno,"Chateo (por ejemplo en WhatsApp o Telegram), Miro redes sociales (por ejemplo Facebook, TikTok o Instagram), Miro videos en YouTube",En much√≠simas computadoras (tantas que podr√≠an llenar una cancha de f√∫tbol),Yo y otras personas.,Le mando una copia de mi foto.,"No puedo hacer nada, mi amiga ahora tambi√©n tiene la foto y no tengo manera de sac√°rsela.",El mensaje se manda a trav√©s de una red de antenas y computadoras.,Porque obtienen dinero vendiendo nuestros datos e informaci√≥n personal.,Escuela N¬∫ 83 Juan Arzeno - 5to grado
4/21/2021 20:00:17,10,Femenino,En mi casa,"Juego juegos, Hago videollamadas (por ejemplo por WhatsApp, Zoom, Skype o Meet)","Me ense√±aron en mi casa (mis padres, hermanos u otro familiar), Aprend√≠ solo",No uso celular,"Juego juegos, Nunca uso el celular",En la nube,No s√©,No s√©,Tengo que borrar la foto en el chat.,El mensaje se manda a trav√©s de una red de antenas y computadoras.,Porque obtienen dinero a trav√©s de las publicidades que nos muestran.,Escuela N¬∫ 83 Juan Arzeno - 5to grado
4/22/2021 2:46:46,10,Femenino,En mi casa,"Juego juegos, Miro videos en YouTube, Hago la tarea, Hago videollamadas (por ejemplo por WhatsApp, Zoom, Skype o Meet)","Me ense√±aron en mi casa (mis padres, hermanos u otro familiar)",El m√≠o,Chateo (por ejemplo en WhatsApp o Telegram),En la nube,Solo yo.,"La foto ahora existe en WhatsApp y mi amiga la puede ver cuando mira nuestro chat, pero no la tiene en su celular",No s√©,El mensaje se manda a trav√©s de una antena.,Porque obtienen dinero a trav√©s de las publicidades que nos muestran.,Escuela N¬∫ 83 Juan Arzeno - 5to grado
4/22/2021 5:15:59,10,Masculino,En mi casa,"Juego juegos, Miro videos en YouTube, Hago la tarea",Aprend√≠ solo,El m√≠o,"Chateo (por ejemplo en WhatsApp o Telegram), Miro videos en YouTube, Juego juegos",En una computadora,Solo yo.,Le mando una copia de mi foto.,Tengo que borrar la foto en el chat.,El mensaje se manda a trav√©s de una antena.,Porque obtienen dinero a trav√©s de las publicidades que nos muestran.,Escuela N¬∫ 83 Juan Arzeno - 5to grado
4/22/2021 20:03:22,10,Masculino,En mi casa,"Juego juegos, Hago la tarea","Me ense√±aron en mi casa (mis padres, hermanos u otro familiar), Aprend√≠ solo",Me prestan uno,"Miro redes sociales (por ejemplo Facebook, TikTok o Instagram), Hablo por tel√©fono, Juego juegos",En la nube,Solo yo.,Le mando una copia de mi foto.,Tengo que borrar la foto en el chat.,El mensaje se manda a trav√©s de una red de antenas y computadoras.,Porque al ser gratuitas permiten que todos tengamos la misma posibilidad de acceder a ellas y utilizar sus servicios.,Escuela N¬∫ 83 Juan Arzeno - 5to grado
4/22/2021 21:23:56,9,Masculino,En mi casa,"Juego juegos, Miro videos en YouTube","Me ense√±aron en mi casa (mis padres, hermanos u otro familiar)",El m√≠o,"Chateo (por ejemplo en WhatsApp o Telegram), Miro videos en YouTube, Hablo por tel√©fono, Juego juegos",En la nube,Solo yo.,Le mando una copia de mi foto.,"No puedo hacer nada, mi amiga ahora tambi√©n tiene la foto y no tengo manera de sac√°rsela.",El mensaje se manda a trav√©s de un sat√©lite.,Porque al ser gratuitas permiten que todos tengamos la misma posibilidad de acceder a ellas y utilizar sus servicios.,Escuela N¬∫ 83 Juan Arzeno - 4to grado
4/23/2021 22:18:07,9,Masculino,En mi casa,"Juego juegos, Miro videos en YouTube, Hago la tarea, Hago videollamadas (por ejemplo por WhatsApp, Zoom, Skype o Meet)","Me ense√±aron en mi casa (mis padres, hermanos u otro familiar), Aprend√≠ solo",El m√≠o,"Chateo (por ejemplo en WhatsApp o Telegram), Miro redes sociales (por ejemplo Facebook, TikTok o Instagram), Miro videos en YouTube, Hablo por tel√©fono, Juego juegos",En la nube,Solo yo.,"La foto ahora existe en WhatsApp y mi amiga la puede ver cuando mira nuestro chat, pero no la tiene en su celular",Tengo que borrar la foto en el chat.,El mensaje se manda a trav√©s de un sat√©lite.,Porque obtienen dinero a trav√©s de las publicidades que nos muestran.,Escuela N¬∫ 83 Juan Arzeno - 5to grado
4/24/2021 1:38:00,9,Masculino,En mi casa,"Juego juegos, Miro videos en YouTube, Hago la tarea, Hago videollamadas (por ejemplo por WhatsApp, Zoom, Skype o Meet)","Me ense√±aron en mi casa (mis padres, hermanos u otro familiar), Aprend√≠ solo",El m√≠o,"Miro redes sociales (por ejemplo Facebook, TikTok o Instagram), Miro videos en YouTube, Juego juegos",En la nube,Yo y otras personas.,No s√©,"No puedo hacer nada, mi amiga ahora tambi√©n tiene la foto y no tengo manera de sac√°rsela.",No s√©,Porque obtienen dinero a trav√©s de las publicidades que nos muestran.,Escuela N¬∫ 83 Juan Arzeno - 4to grado
4/24/2021 16:37:37,10,Masculino,En mi casa,Juego juegos,Aprend√≠ solo,El m√≠o,"Miro redes sociales (por ejemplo Facebook, TikTok o Instagram), Juego juegos",No s√©,Solo yo.,"La foto ahora existe en WhatsApp y mi amiga la puede ver cuando mira nuestro chat, pero no la tiene en su celular",Tengo que borrar la foto en el chat.,El mensaje se manda a trav√©s de una antena.,Porque ya tienen suficiente dinero y no necesitan m√°s.,Escuela N¬∫ 83 Juan Arzeno - 5to grado
4/25/2021 5:12:01,10,Masculino,En mi casa,"Juego juegos, Miro videos en YouTube, Hago la tarea, Hago videollamadas (por ejemplo por WhatsApp, Zoom, Skype o Meet)","Me ense√±aron en mi casa (mis padres, hermanos u otro familiar)",El m√≠o,"Miro videos en YouTube, Juego juegos",No s√©,Solo yo.,Le mando una copia de mi foto.,"No puedo hacer nada, mi amiga ahora tambi√©n tiene la foto y no tengo manera de sac√°rsela.",El mensaje se manda a trav√©s de una red de antenas y computadoras.,Porque obtienen dinero a trav√©s de las publicidades que nos muestran.,Escuela N¬∫ 83 Juan Arzeno - 5to grado
4/25/2021 17:39:20,10,Masculino,En mi casa,"Miro videos en YouTube, Hago la tarea, Hago videollamadas (por ejemplo por WhatsApp, Zoom, Skype o Meet)","Me ense√±aron en mi casa (mis padres, hermanos u otro familiar), Aprend√≠ solo",Me prestan uno,"Chateo (por ejemplo en WhatsApp o Telegram), Miro redes sociales (por ejemplo Facebook, TikTok o Instagram), Miro videos en YouTube, Hablo por tel√©fono, Juego juegos",En la nube,Solo yo.,Le mando una copia de mi foto.,"No puedo hacer nada, mi amiga ahora tambi√©n tiene la foto y no tengo manera de sac√°rsela.",El mensaje se manda a trav√©s de un sat√©lite.,"Porque obtienen dinero vendiendo nuestros datos e informaci√≥n personal., Porque obtienen dinero a trav√©s de las publicidades que nos muestran.",Escuela N¬∫ 83 Juan Arzeno - 5to grado
4/25/2021 17:39:20,10,Femenino,En mi casa,"Miro videos en YouTube, Hago la tarea, Hago videollamadas (por ejemplo por WhatsApp, Zoom, Skype o Meet)","Me ense√±aron en mi casa (mis padres, hermanos u otro familiar), Me ense√±aron en la escuela",Me prestan uno,"Chateo (por ejemplo en WhatsApp o Telegram), Miro videos en YouTube, Hablo por tel√©fono, Juego juegos",En la nube,Solo yo.,Le mando una copia de mi foto.,"No puedo hacer nada, mi amiga ahora tambi√©n tiene la foto y no tengo manera de sac√°rsela.",El mensaje se manda a trav√©s de un sat√©lite.,"Porque obtienen dinero vendiendo nuestros datos e informaci√≥n personal., Porque obtienen dinero a trav√©s de las publicidades que nos muestran.",Escuela N¬∫ 83 Juan Arzeno - 5to grado
4/25/2021 20:09:06,9,Femenino,En mi casa,"Miro videos en YouTube, Hago la tarea","Me ense√±aron en mi casa (mis padres, hermanos u otro familiar)",Me prestan uno,"Miro redes sociales (por ejemplo Facebook, TikTok o Instagram), Miro videos en YouTube, Hablo por tel√©fono, Juego juegos",No s√©,Solo yo.,No s√©,No s√©,No s√©,Porque obtienen dinero a trav√©s de las publicidades que nos muestran.,Escuela N¬∫ 83 Juan Arzeno - 4to grado
4/25/2021 22:25:20,9,Femenino,En mi casa,"Juego juegos, Miro videos en YouTube, Hago videollamadas (por ejemplo por WhatsApp, Zoom, Skype o Meet)","Me ense√±aron en mi casa (mis padres, hermanos u otro familiar)",Me prestan uno,"Chateo (por ejemplo en WhatsApp o Telegram), Miro videos en YouTube, Hablo por tel√©fono, Juego juegos",En la nube,Solo yo.,Le mando una copia de mi foto.,"No puedo hacer nada, mi amiga ahora tambi√©n tiene la foto y no tengo manera de sac√°rsela.",El mensaje se manda a trav√©s de una antena.,Porque obtienen dinero a trav√©s de las publicidades que nos muestran.,Escuela N¬∫ 83 Juan Arzeno - 4to grado
4/25/2021 22:52:41,9,Femenino,En mi casa,"Juego juegos, Miro videos en YouTube, Hago la tarea, Hago videollamadas (por ejemplo por WhatsApp, Zoom, Skype o Meet)","Me ense√±aron en mi casa (mis padres, hermanos u otro familiar), Aprend√≠ solo",El m√≠o,"Chateo (por ejemplo en WhatsApp o Telegram), Miro redes sociales (por ejemplo Facebook, TikTok o Instagram), Miro videos en YouTube, Hablo por tel√©fono, Juego juegos",En much√≠simas computadoras (tantas que podr√≠an llenar una cancha de f√∫tbol),Solo yo.,No s√©,"No puedo hacer nada, mi amiga ahora tambi√©n tiene la foto y no tengo manera de sac√°rsela.",El mensaje se manda a trav√©s de una antena.,Porque obtienen dinero a trav√©s de las publicidades que nos muestran.,Escuela N¬∫ 83 Juan Arzeno - 4to grado
4/25/2021 23:28:42,10,Masculino,En mi casa,Hago la tarea,Aprend√≠ solo,No uso celular,Nunca uso el celular,No s√©,Solo yo.,Le mando una copia de mi foto.,"No puedo hacer nada, mi amiga ahora tambi√©n tiene la foto y no tengo manera de sac√°rsela.",El mensaje se manda a trav√©s de una red de antenas y computadoras.,Porque obtienen dinero a trav√©s de las publicidades que nos muestran.,Escuela N¬∫ 83 Juan Arzeno - 5to grado
4/26/2021 0:22:38,9,Masculino,En mi casa,"Juego juegos, Hago la tarea","Me ense√±aron en mi casa (mis padres, hermanos u otro familiar)",El m√≠o,"Chateo (por ejemplo en WhatsApp o Telegram), Miro videos en YouTube, Hablo por tel√©fono, Juego juegos",En la nube,Yo y otras personas.,Le mando una copia de mi foto.,"No puedo hacer nada, mi amiga ahora tambi√©n tiene la foto y no tengo manera de sac√°rsela.",El mensaje se manda a trav√©s de una antena.,"Porque obtienen dinero vendiendo nuestros datos e informaci√≥n personal., Porque obtienen dinero a trav√©s de las publicidades que nos muestran.",Escuela N¬∫ 83 Juan Arzeno - 4to grado
4/26/2021 4:00:11,10,Masculino,En mi casa,"Juego juegos, Miro videos en YouTube, Hago la tarea, Hago videollamadas (por ejemplo por WhatsApp, Zoom, Skype o Meet)","Me ense√±aron en mi casa (mis padres, hermanos u otro familiar), Aprend√≠ solo",El m√≠o,"Chateo (por ejemplo en WhatsApp o Telegram), Miro videos en YouTube, Hablo por tel√©fono, Juego juegos",En much√≠simas computadoras (tantas que podr√≠an llenar una cancha de f√∫tbol),Yo y otras personas.,"La foto ahora existe en WhatsApp y mi amiga la puede ver cuando mira nuestro chat, pero no la tiene en su celular",Tengo que borrar la foto en el chat.,No s√©,Porque obtienen dinero a trav√©s de las publicidades que nos muestran.,Escuela N¬∫ 83 Juan Arzeno - 5to grado
4/26/2021 4:00:14,10,Femenino,En mi casa,"Juego juegos, Miro videos en YouTube, Hago la tarea, Hago videollamadas (por ejemplo por WhatsApp, Zoom, Skype o Meet)","Me ense√±aron en mi casa (mis padres, hermanos u otro familiar)",El m√≠o,"Chateo (por ejemplo en WhatsApp o Telegram), Miro redes sociales (por ejemplo Facebook, TikTok o Instagram), Miro videos en YouTube, Hablo por tel√©fono, Juego juegos",En much√≠simas computadoras (tantas que podr√≠an llenar una cancha de f√∫tbol),Solo yo.,"La foto ahora existe en WhatsApp y mi amiga la puede ver cuando mira nuestro chat, pero no la tiene en su celular",Tengo que borrar la foto en el chat.,No s√©,Porque obtienen dinero a trav√©s de las publicidades que nos muestran.,Escuela N¬∫ 83 Juan Arzeno - 5to grado
4/26/2021 6:00:35,10,Femenino,En mi casa,"Miro videos en YouTube, Hago la tarea, Hago videollamadas (por ejemplo por WhatsApp, Zoom, Skype o Meet)","Me ense√±aron en mi casa (mis padres, hermanos u otro familiar)",El m√≠o,"Chateo (por ejemplo en WhatsApp o Telegram), Miro redes sociales (por ejemplo Facebook, TikTok o Instagram)",No s√©,Solo yo.,No s√©,No s√©,No s√©,Porque obtienen dinero vendiendo nuestros datos e informaci√≥n personal.,Escuela N¬∫ 83 Juan Arzeno - 5to grado
4/26/2021 13:42:20,9,Femenino,En mi casa,Juego juegos,Aprend√≠ solo,El m√≠o,"Chateo (por ejemplo en WhatsApp o Telegram), Miro redes sociales (por ejemplo Facebook, TikTok o Instagram), Juego juegos",En la nube,Solo yo.,Le mando una copia de mi foto.,"No puedo hacer nada, mi amiga ahora tambi√©n tiene la foto y no tengo manera de sac√°rsela.",El mensaje se manda a trav√©s de un sat√©lite.,"Porque obtienen dinero vendiendo nuestros datos e informaci√≥n personal., Porque obtienen dinero a trav√©s de las publicidades que nos muestran.",Escuela N¬∫ 83 Juan Arzeno - 4to grado
4/26/2021 13:44:41,9,Femenino,En mi casa,"Miro videos en YouTube, Hago la tarea, Hago videollamadas (por ejemplo por WhatsApp, Zoom, Skype o Meet)","Me ense√±aron en mi casa (mis padres, hermanos u otro familiar)",El m√≠o,"Miro redes sociales (por ejemplo Facebook, TikTok o Instagram), Miro videos en YouTube, Juego juegos",En la nube,Solo yo.,"La foto ahora existe en WhatsApp y mi amiga la puede ver cuando mira nuestro chat, pero no la tiene en su celular",Tengo que borrar la foto en el chat.,El mensaje se manda a trav√©s de una antena.,Porque al ser gratuitas permiten que todos tengamos la misma posibilidad de acceder a ellas y utilizar sus servicios.,Escuela N¬∫ 83 Juan Arzeno - 4to grado
4/26/2021 13:45:53,9,Masculino,En mi casa,"Juego juegos, Miro videos en YouTube, Hago la tarea","Me ense√±aron en mi casa (mis padres, hermanos u otro familiar)",El m√≠o,"Chateo (por ejemplo en WhatsApp o Telegram), Miro videos en YouTube, Juego juegos",En mi celular,Yo y otras personas.,"La foto ahora existe en WhatsApp y mi amiga la puede ver cuando mira nuestro chat, pero no la tiene en su celular",Tengo que borrar la foto en el chat.,El mensaje se manda a trav√©s de un sat√©lite.,"Porque obtienen dinero vendiendo nuestros datos e informaci√≥n personal., Porque al ser gratuitas permiten que todos tengamos la misma posibilidad de acceder a ellas y utilizar sus servicios.",Escuela N¬∫ 83 Juan Arzeno - 4to grado
4/26/2021 14:02:24,9,Femenino,En mi casa,Juego juegos,"Me ense√±aron en mi casa (mis padres, hermanos u otro familiar)",El m√≠o,"Chateo (por ejemplo en WhatsApp o Telegram), Miro redes sociales (por ejemplo Facebook, TikTok o Instagram), Miro videos en YouTube",En muchas computadoras (tantas que podr√≠an llenar una casa),Solo yo.,Le mando una copia de mi foto.,"No puedo hacer nada, mi amiga ahora tambi√©n tiene la foto y no tengo manera de sac√°rsela.",No s√©,"Porque obtienen dinero vendiendo nuestros datos e informaci√≥n personal., Porque obtienen dinero a trav√©s de las publicidades que nos muestran.",Escuela N¬∫ 83 Juan Arzeno - 4to grado
4/26/2021 14:40:47,9,Masculino,En mi casa,"Juego juegos, Miro videos en YouTube, Hago videollamadas (por ejemplo por WhatsApp, Zoom, Skype o Meet)",Aprend√≠ solo,El m√≠o,"Chateo (por ejemplo en WhatsApp o Telegram), Miro redes sociales (por ejemplo Facebook, TikTok o Instagram), Miro videos en YouTube, Hablo por tel√©fono",No s√©,Solo yo.,"La foto ahora existe en WhatsApp y mi amiga la puede ver cuando mira nuestro chat, pero no la tiene en su celular",Tengo que borrar la foto en el chat.,No s√©,Porque obtienen dinero a trav√©s de las publicidades que nos muestran.,Escuela N¬∫ 83 Juan Arzeno - 4to grado
4/26/2021 14:41:44,9,Masculino,En mi casa,"Juego juegos, Hago la tarea","Me ense√±aron en mi casa (mis padres, hermanos u otro familiar)",El m√≠o,"Chateo (por ejemplo en WhatsApp o Telegram), Miro videos en YouTube, Juego juegos",En la nube,Yo y otras personas.,Le mando una copia de mi foto.,"No puedo hacer nada, mi amiga ahora tambi√©n tiene la foto y no tengo manera de sac√°rsela.",El mensaje se manda a trav√©s de una antena.,"Porque obtienen dinero vendiendo nuestros datos e informaci√≥n personal., Porque obtienen dinero a trav√©s de las publicidades que nos muestran.",Escuela N¬∫ 83 Juan Arzeno - 4to grado
4/26/2021 14:41:51,9,Femenino,En mi casa,"Juego juegos, Miro videos en YouTube, Hago la tarea, Hago videollamadas (por ejemplo por WhatsApp, Zoom, Skype o Meet)","Me ense√±aron en mi casa (mis padres, hermanos u otro familiar), Aprend√≠ solo",Me prestan uno,"Chateo (por ejemplo en WhatsApp o Telegram), Miro redes sociales (por ejemplo Facebook, TikTok o Instagram), Miro videos en YouTube, Hablo por tel√©fono, Juego juegos",En much√≠simas computadoras (tantas que podr√≠an llenar una cancha de f√∫tbol),Yo y otras personas.,Le mando una copia de mi foto.,Tengo que borrar la foto en el chat.,El mensaje se manda a trav√©s de la nube.,"Porque obtienen dinero vendiendo nuestros datos e informaci√≥n personal., Porque obtienen dinero a trav√©s de las publicidades que nos muestran.",Escuela N¬∫ 83 Juan Arzeno - 4to grado
4/26/2021 14:43:46,9,Masculino,En mi casa,Miro videos en YouTube,"Me ense√±aron en mi casa (mis padres, hermanos u otro familiar)",Me prestan uno,"Miro videos en YouTube, Juego juegos",En una computadora,Solo yo.,"La foto ahora existe en WhatsApp y mi amiga la puede ver cuando mira nuestro chat, pero no la tiene en su celular",Tengo que borrar la foto en la Galer√≠a de fotos de mi celular.,El mensaje se manda a trav√©s de una antena.,Porque al ser gratuitas permiten que todos tengamos la misma posibilidad de acceder a ellas y utilizar sus servicios.,Escuela N¬∫ 83 Juan Arzeno - 4to grado
4/26/2021 14:46:22,9,Masculino,En mi casa,"Juego juegos, Miro videos en YouTube, Hago la tarea","Me ense√±aron en mi casa (mis padres, hermanos u otro familiar)",Me prestan uno,"Miro redes sociales (por ejemplo Facebook, TikTok o Instagram), Miro videos en YouTube, Juego juegos",No s√©,Yo y otras personas.,Le mando una copia de mi foto.,Tengo que borrar la foto en el chat.,No s√©,Porque al ser gratuitas permiten que todos tengamos la misma posibilidad de acceder a ellas y utilizar sus servicios.,Escuela N¬∫ 83 Juan Arzeno - 4to grado d
4/26/2021 14:50:36,9,Femenino,En mi casa,Juego juegos,"Me ense√±aron en mi casa (mis padres, hermanos u otro familiar)",Me prestan uno,"Miro redes sociales (por ejemplo Facebook, TikTok o Instagram)",En much√≠simas computadoras (tantas que podr√≠an llenar una cancha de f√∫tbol),Solo yo.,No s√©,Tengo que borrar la foto en la Galer√≠a de fotos de mi celular.,No s√©,"Porque obtienen dinero vendiendo nuestros datos e informaci√≥n personal., Porque obtienen dinero a trav√©s de las publicidades que nos muestran., Porque todo lo que est√° en Internet es gratuito.",Escuela N¬∫ 83 Juan Arzeno - 4to grado
4/26/2021 15:06:35,12,Otro,En mi casa,"Hago videollamadas (por ejemplo por WhatsApp, Zoom, Skype o Meet)",Aprend√≠ solo,El m√≠o,Chateo (por ejemplo en WhatsApp o Telegram),En la nube,Yo y otras personas.,Le mando una copia de mi foto.,Tengo que borrar la foto en el chat.,El mensaje se manda a trav√©s de una red de antenas y computadoras.,Porque obtienen dinero a trav√©s de las publicidades que nos muestran.,Escuela N¬∫ 83 Juan Arzeno - 5to grado
4/26/2021 15:36:49,9,Masculino,En mi casa,"Juego juegos, Miro videos en YouTube, Hago la tarea, Hago videollamadas (por ejemplo por WhatsApp, Zoom, Skype o Meet)",Aprend√≠ solo,El m√≠o,"Chateo (por ejemplo en WhatsApp o Telegram), Miro redes sociales (por ejemplo Facebook, TikTok o Instagram), Miro videos en YouTube, Hablo por tel√©fono, Juego juegos",En la nube,Solo yo.,Le mando una copia de mi foto.,"No puedo hacer nada, mi amiga ahora tambi√©n tiene la foto y no tengo manera de sac√°rsela.",El mensaje se manda a trav√©s de la nube.,Porque obtienen dinero vendiendo nuestros datos e informaci√≥n personal.,Escuela N¬∫ 83 Juan Arzeno - 5to grado
4/26/2021 16:04:17,10,Masculino,En mi casa,"Juego juegos, Miro videos en YouTube, Hago la tarea, Hago videollamadas (por ejemplo por WhatsApp, Zoom, Skype o Meet)","Me ense√±aron en mi casa (mis padres, hermanos u otro familiar)",El m√≠o,"Miro videos en YouTube, Hablo por tel√©fono, Juego juegos",En la nube,Solo yo.,Le mando una copia de mi foto.,"No puedo hacer nada, mi amiga ahora tambi√©n tiene la foto y no tengo manera de sac√°rsela.",El mensaje se manda a trav√©s de una red de antenas y computadoras.,"Porque obtienen dinero a trav√©s de las publicidades que nos muestran., Porque al ser gratuitas permiten que todos tengamos la misma posibilidad de acceder a ellas y utilizar sus servicios.",Escuela N¬∫ 83 Juan Arzeno - 5to grado
4/26/2021 16:14:10,10,Femenino,En mi casa,Juego juegos,Aprend√≠ solo,El m√≠o,"Chateo (por ejemplo en WhatsApp o Telegram), Miro redes sociales (por ejemplo Facebook, TikTok o Instagram)",En la nube,Solo yo.,"La foto ahora existe en WhatsApp y mi amiga la puede ver cuando mira nuestro chat, pero no la tiene en su celular",Tengo que borrar la foto en el chat.,El mensaje se manda a trav√©s de un sat√©lite.,Porque al ser gratuitas permiten que todos tengamos la misma posibilidad de acceder a ellas y utilizar sus servicios.,Escuela N¬∫ 83 Juan Arzeno - 5to grado
4/26/2021 16:35:19,10,Femenino,En mi casa,"Juego juegos, Miro videos en YouTube, Hago la tarea, Hago videollamadas (por ejemplo por WhatsApp, Zoom, Skype o Meet)","Me ense√±aron en mi casa (mis padres, hermanos u otro familiar)",El m√≠o,"Chateo (por ejemplo en WhatsApp o Telegram), Miro redes sociales (por ejemplo Facebook, TikTok o Instagram), Miro videos en YouTube, Hablo por tel√©fono, Juego juegos",En much√≠simas computadoras (tantas que podr√≠an llenar una cancha de f√∫tbol),Solo yo.,"La foto ahora existe en WhatsApp y mi amiga la puede ver cuando mira nuestro chat, pero no la tiene en su celular",Tengo que borrar la foto en el chat.,No s√©,Porque obtienen dinero a trav√©s de las publicidades que nos muestran.,Escuela N¬∫ 83 Juan Arzeno - 5to grado
4/26/2021 16:35:44,10,Masculino,En mi casa,"Juego juegos, Miro videos en YouTube, Hago la tarea, Hago videollamadas (por ejemplo por WhatsApp, Zoom, Skype o Meet)","Me ense√±aron en mi casa (mis padres, hermanos u otro familiar), Aprend√≠ solo",El m√≠o,"Chateo (por ejemplo en WhatsApp o Telegram), Miro videos en YouTube, Hablo por tel√©fono, Juego juegos",En la nube,Solo yo.,Le mando una copia de mi foto.,"No puedo hacer nada, mi amiga ahora tambi√©n tiene la foto y no tengo manera de sac√°rsela.",El mensaje se manda directamente.,Porque obtienen dinero a trav√©s de las publicidades que nos muestran.,Escuela N¬∫ 83 Juan Arzeno - 5to grado
4/26/2021 16:38:35,10,Femenino,En mi casa,"Juego juegos, Miro videos en YouTube, Hago la tarea, Hago videollamadas (por ejemplo por WhatsApp, Zoom, Skype o Meet)","Me ense√±aron en mi casa (mis padres, hermanos u otro familiar)",Me prestan uno,"Chateo (por ejemplo en WhatsApp o Telegram), Miro redes sociales (por ejemplo Facebook, TikTok o Instagram), Miro videos en YouTube, Hablo por tel√©fono, Juego juegos",En la nube,Solo yo.,Le mando una copia de mi foto.,"No puedo hacer nada, mi amiga ahora tambi√©n tiene la foto y no tengo manera de sac√°rsela.",El mensaje se manda a trav√©s de una antena.,"Porque obtienen dinero a trav√©s de las publicidades que nos muestran., Porque al ser gratuitas permiten que todos tengamos la misma posibilidad de acceder a ellas y utilizar sus servicios.",Escuela N¬∫ 83 Juan Arzeno - 5to grado
4/26/2021 17:12:08,10,Femenino,En mi casa,"Juego juegos, Hago la tarea, Hago videollamadas (por ejemplo por WhatsApp, Zoom, Skype o Meet)","Me ense√±aron en mi casa (mis padres, hermanos u otro familiar)",Me prestan uno,"Chateo (por ejemplo en WhatsApp o Telegram), Miro redes sociales (por ejemplo Facebook, TikTok o Instagram), Juego juegos",En much√≠simas computadoras (tantas que podr√≠an llenar una cancha de f√∫tbol),Solo yo.,Le mando una copia de mi foto.,"No puedo hacer nada, mi amiga ahora tambi√©n tiene la foto y no tengo manera de sac√°rsela.",El mensaje se manda directamente.,Porque obtienen dinero a trav√©s de las publicidades que nos muestran.,Escuela N¬∫ 83 Juan Arzeno - 5to grado
4/26/2021 21:26:50,10,Femenino,En mi casa,"Juego juegos, Miro videos en YouTube, Hago la tarea, Hago videollamadas (por ejemplo por WhatsApp, Zoom, Skype o Meet)","Me ense√±aron en mi casa (mis padres, hermanos u otro familiar), Me ense√±aron en la escuela, Aprend√≠ solo",El m√≠o,"Chateo (por ejemplo en WhatsApp o Telegram), Miro redes sociales (por ejemplo Facebook, TikTok o Instagram), Miro videos en YouTube, Hablo por tel√©fono, Juego juegos",En la nube,Solo yo.,"La foto ahora existe en WhatsApp y mi amiga la puede ver cuando mira nuestro chat, pero no la tiene en su celular",Tengo que borrar la foto en el chat.,El mensaje se manda a trav√©s de un sat√©lite.,"Porque obtienen dinero vendiendo nuestros datos e informaci√≥n personal., Porque obtienen dinero a trav√©s de las publicidades que nos muestran.",Escuela N¬∫ 83 Juan Arzeno - 5to grado
4/26/2021 22:21:14,9,Masculino,En mi casa,"Juego juegos, Miro videos en YouTube, Hago la tarea","Me ense√±aron en mi casa (mis padres, hermanos u otro familiar), Me ense√±aron en la escuela",Me prestan uno,"Miro videos en YouTube, Juego juegos",En la nube,No s√©,"La foto ahora existe en WhatsApp y mi amiga la puede ver cuando mira nuestro chat, pero no la tiene en su celular",Tengo que borrar la foto en el chat.,El mensaje se manda a trav√©s de una red de antenas y computadoras.,Porque obtienen dinero a trav√©s de las publicidades que nos muestran.,Escuela N¬∫ 83 Juan Arzeno - 5to grado
4/27/2021 3:32:58,10,Femenino,En mi casa,Juego juegos,Aprend√≠ solo,El m√≠o,"Chateo (por ejemplo en WhatsApp o Telegram), Miro redes sociales (por ejemplo Facebook, TikTok o Instagram), Miro videos en YouTube, Hablo por tel√©fono, Juego juegos",En much√≠simas computadoras (tantas que podr√≠an llenar una cancha de f√∫tbol),Solo yo.,"La foto ahora existe en WhatsApp y mi amiga la puede ver cuando mira nuestro chat, pero no la tiene en su celular","No puedo hacer nada, mi amiga ahora tambi√©n tiene la foto y no tengo manera de sac√°rsela.",El mensaje se manda directamente.,Porque obtienen dinero a trav√©s de las publicidades que nos muestran.,Escuela N¬∫ 83 Juan Arzeno - 5to grado
4/27/2021 17:43:38,10,Masculino,En mi casa,"Hago la tarea, Hago videollamadas (por ejemplo por WhatsApp, Zoom, Skype o Meet)","Me ense√±aron en mi casa (mis padres, hermanos u otro familiar)",Me prestan uno,"Hablo por tel√©fono, Juego juegos",En la nube,Solo yo.,Le mando una copia de mi foto.,"No puedo hacer nada, mi amiga ahora tambi√©n tiene la foto y no tengo manera de sac√°rsela.",El mensaje se manda a trav√©s de una red de antenas y computadoras.,"Porque obtienen dinero vendiendo nuestros datos e informaci√≥n personal., Porque obtienen dinero a trav√©s de las publicidades que nos muestran.",Escuela N¬∫ 83 Juan Arzeno - 5to grado
4/28/2021 4:22:45,9,Masculino,En mi casa,"Juego juegos, Miro videos en YouTube, Hago la tarea, Hago videollamadas (por ejemplo por WhatsApp, Zoom, Skype o Meet)","Me ense√±aron en mi casa (mis padres, hermanos u otro familiar)",El m√≠o,"Chateo (por ejemplo en WhatsApp o Telegram), Miro redes sociales (por ejemplo Facebook, TikTok o Instagram), Miro videos en YouTube, Hablo por tel√©fono, Juego juegos, Grabo videos",En la nube,Solo yo.,"La foto ahora existe en WhatsApp y mi amiga la puede ver cuando mira nuestro chat, pero no la tiene en su celular",Tengo que borrar la foto en el chat.,El mensaje se manda a trav√©s de una antena.,"Porque obtienen dinero vendiendo nuestros datos e informaci√≥n personal., Porque obtienen dinero a trav√©s de las publicidades que nos muestran.",Escuela N¬∫ 83 Juan Arzeno - 4to grado
4/28/2021 16:57:41,8,Femenino,En mi casa,"Juego juegos, Miro videos en YouTube, Hago la tarea","Me ense√±aron en mi casa (mis padres, hermanos u otro familiar), Me ense√±aron en la escuela",El m√≠o,"Chateo (por ejemplo en WhatsApp o Telegram), Miro videos en YouTube, Hablo por tel√©fono, Juego juegos",En much√≠simas computadoras (tantas que podr√≠an llenar una cancha de f√∫tbol),Solo yo.,Le mando una copia de mi foto.,Tengo que borrar la foto en el chat.,El mensaje se manda a trav√©s de una red de antenas y computadoras.,Porque al ser gratuitas permiten que todos tengamos la misma posibilidad de acceder a ellas y utilizar sus servicios.,Escuela N¬∫ 83 Juan Arzeno - 4to grado
4/28/2021 20:25:43,9,Masculino,En mi casa,"Juego juegos, Miro videos en YouTube","Me ense√±aron en mi casa (mis padres, hermanos u otro familiar)",El m√≠o,"Chateo (por ejemplo en WhatsApp o Telegram), Miro videos en YouTube, Juego juegos",En la nube,Solo yo.,Le mando una copia de mi foto.,"No puedo hacer nada, mi amiga ahora tambi√©n tiene la foto y no tengo manera de sac√°rsela.",El mensaje se manda a trav√©s de un sat√©lite.,Porque obtienen dinero a trav√©s de las publicidades que nos muestran.,Escuela N¬∫ 83 Juan Arzeno - 4to grado
4/28/2021 21:01:22,9,Masculino,En mi casa,"Juego juegos, Miro videos en YouTube, Hago la tarea, Hago videollamadas (por ejemplo por WhatsApp, Zoom, Skype o Meet)",Aprend√≠ solo,El m√≠o,"Chateo (por ejemplo en WhatsApp o Telegram), Miro redes sociales (por ejemplo Facebook, TikTok o Instagram), Miro videos en YouTube, Hablo por tel√©fono, Juego juegos",En mi celular,Solo yo.,Le mando una copia de mi foto.,Tengo que borrar la foto en el chat.,El mensaje se manda directamente.,Porque obtienen dinero a trav√©s de las publicidades que nos muestran.,Escuela N¬∫ 83 Juan Arzeno - 4to grado
5/1/2021 15:34:56,10,Masculino,En mi casa,"Juego juegos, Miro videos en YouTube",Aprend√≠ solo,El m√≠o,"Chateo (por ejemplo en WhatsApp o Telegram), Miro videos en YouTube",En mi celular,Solo yo.,Le mando una copia de mi foto.,"No puedo hacer nada, mi amiga ahora tambi√©n tiene la foto y no tengo manera de sac√°rsela.",El mensaje se manda a trav√©s de un sat√©lite.,Porque obtienen dinero a trav√©s de las publicidades que nos muestran.,Escuela N¬∫ 83 Juan Arzeno - 5to grado
5/1/2021 17:07:00,9,Masculino,En mi casa,"Miro videos en YouTube, Hago la tarea","Me ense√±aron en mi casa (mis padres, hermanos u otro familiar)",El m√≠o,"Chateo (por ejemplo en WhatsApp o Telegram), Miro redes sociales (por ejemplo Facebook, TikTok o Instagram), Hablo por tel√©fono",En much√≠simas computadoras (tantas que podr√≠an llenar una cancha de f√∫tbol),Solo yo.,Le mando una copia de mi foto.,"No puedo hacer nada, mi amiga ahora tambi√©n tiene la foto y no tengo manera de sac√°rsela.",El mensaje se manda a trav√©s de una antena.,Porque obtienen dinero a trav√©s de las publicidades que nos muestran.,Escuela N¬∫ 83 Juan Arzeno - 4to grado
5/2/2021 23:59:27,9,Masculino,En mi casa,"Juego juegos, Miro videos en YouTube, Hago la tarea, Hago videollamadas (por ejemplo por WhatsApp, Zoom, Skype o Meet)",Aprend√≠ solo,Me prestan uno,"Chateo (por ejemplo en WhatsApp o Telegram), Miro videos en YouTube, Hablo por tel√©fono, Juego juegos",En much√≠simas computadoras (tantas que podr√≠an llenar una cancha de f√∫tbol),Solo yo.,Le mando una copia de mi foto.,"No puedo hacer nada, mi amiga ahora tambi√©n tiene la foto y no tengo manera de sac√°rsela.",El mensaje se manda a trav√©s de una red de antenas y computadoras.,Porque obtienen dinero a trav√©s de las publicidades que nos muestran.,Escuela N¬∫ 83 Juan Arzeno - 4to grado TM
5/3/2021 0:40:33,10,Masculino,En mi casa,"Juego juegos, Hago la tarea, Hago videollamadas (por ejemplo por WhatsApp, Zoom, Skype o Meet)","Me ense√±aron en mi casa (mis padres, hermanos u otro familiar)",Me prestan uno,"Chateo (por ejemplo en WhatsApp o Telegram), Juego juegos",En la nube,Solo yo.,Le mando una copia de mi foto.,"No puedo hacer nada, mi amiga ahora tambi√©n tiene la foto y no tengo manera de sac√°rsela.",El mensaje se manda a trav√©s de un sat√©lite.,Porque obtienen dinero a trav√©s de las publicidades que nos muestran.,Escuela N¬∫ 83 Juan Arzeno - 5to grado
5/3/2021 1:19:18,10,Masculino,En mi casa,"Juego juegos, Miro videos en YouTube, Hago la tarea",Aprend√≠ solo,El m√≠o,"Chateo (por ejemplo en WhatsApp o Telegram), Miro videos en YouTube, Hablo por tel√©fono, Juego juegos",En una computadora,Yo y otras personas.,Le mando una copia de mi foto.,"No puedo hacer nada, mi amiga ahora tambi√©n tiene la foto y no tengo manera de sac√°rsela.",El mensaje se manda a trav√©s de un sat√©lite.,Porque obtienen dinero a trav√©s de las publicidades que nos muestran.,Escuela N¬∫ 83 Juan Arzeno - 5to grado
5/3/2021 1:27:50,8,Femenino,En mi casa,"Juego juegos, Miro videos en YouTube, Hago la tarea, Hago videollamadas (por ejemplo por WhatsApp, Zoom, Skype o Meet), edito videos y dibujos",Aprend√≠ solo,El m√≠o,"Chateo (por ejemplo en WhatsApp o Telegram), Miro redes sociales (por ejemplo Facebook, TikTok o Instagram), Miro videos en YouTube, Hablo por tel√©fono, Juego juegos, edito dibujos y videos",En much√≠simas computadoras (tantas que podr√≠an llenar una cancha de f√∫tbol),Solo yo.,Le mando una copia de mi foto.,Tengo que borrar la foto en el chat.,El mensaje se manda a trav√©s de una red de antenas y computadoras.,"Porque obtienen dinero a trav√©s de las publicidades que nos muestran., Porque al ser gratuitas permiten que todos tengamos la misma posibilidad de acceder a ellas y utilizar sus servicios.",Escuela N¬∫ 83 Juan Arzeno - 4to grado
5/3/2021 14:22:34,10,Masculino,En mi casa,Hago la tarea,"Me ense√±aron en mi casa (mis padres, hermanos u otro familiar), Me ense√±aron en la escuela",Me prestan uno,Juego juegos,En la nube,Yo y otras personas.,No s√©,No s√©,No s√©,no se,Escuela N¬∫ 83 Juan Arzeno - 4to grado
5/3/2021 14:40:38,9,Femenino,En mi casa,"Miro videos en YouTube, Hago la tarea, Hago videollamadas (por ejemplo por WhatsApp, Zoom, Skype o Meet)","Me ense√±aron en mi casa (mis padres, hermanos u otro familiar)",Me prestan uno,"Chateo (por ejemplo en WhatsApp o Telegram), Miro videos en YouTube, Hablo por tel√©fono",No s√©,Yo y otras personas.,Le doy permiso para ver la foto que tengo guardada en mi celular.,Tengo que borrar la foto en el chat.,El mensaje se manda a trav√©s de una antena.,Porque al ser gratuitas permiten que todos tengamos la misma posibilidad de acceder a ellas y utilizar sus servicios.,Escuela N¬∫ 83 Juan Arzeno - 5to grado
5/3/2021 16:30:19,10,Femenino,En mi casa,Hago la tarea,"Me ense√±aron en mi casa (mis padres, hermanos u otro familiar)",El m√≠o,"Chateo (por ejemplo en WhatsApp o Telegram), tambien miro YouTube",En mi celular,Solo yo.,"La foto ahora existe en WhatsApp y mi amiga la puede ver cuando mira nuestro chat, pero no la tiene en su celular",Tengo que borrar la foto en el chat.,El mensaje se manda directamente.,Porque al ser gratuitas permiten que todos tengamos la misma posibilidad de acceder a ellas y utilizar sus servicios.,Escuela N¬∫ 83 Juan Arzeno - 5to grado
5/3/2021 16:39:12,10,Masculino,En mi casa,"Juego juegos, Miro videos en YouTube, Hago la tarea","Me ense√±aron en mi casa (mis padres, hermanos u otro familiar)",El m√≠o,Juego juegos,No s√©,Yo y otras personas.,Le mando una copia de mi foto.,Tengo que borrar la foto en el chat.,El mensaje se manda a trav√©s de una antena.,Porque obtienen dinero a trav√©s de las publicidades que nos muestran.,Escuela N¬∫ 83 Juan Arzeno - 5to grado
5/3/2021 17:12:27,10,Masculino,En mi casa,Miro videos en YouTube,"Me ense√±aron en mi casa (mis padres, hermanos u otro familiar)",El m√≠o,Juego juegos,No s√©,Solo yo.,Le mando una copia de mi foto.,Tengo que borrar la foto en el chat.,El mensaje se manda a trav√©s de una red de antenas y computadoras.,Porque al ser gratuitas permiten que todos tengamos la misma posibilidad de acceder a ellas y utilizar sus servicios.,Escuela N¬∫ 83 Juan Arzeno - 5to grado
5/3/2021 17:31:24,10,Femenino,En mi casa,Juego juegos,Me ense√±aron en la escuela,El m√≠o,"Chateo (por ejemplo en WhatsApp o Telegram), Miro redes sociales (por ejemplo Facebook, TikTok o Instagram), Juego juegos",En mi celular,Solo yo.,Le mando una copia de mi foto.,"No puedo hacer nada, mi amiga ahora tambi√©n tiene la foto y no tengo manera de sac√°rsela.",No s√©,"Porque obtienen dinero a trav√©s de las publicidades que nos muestran., Porque al ser gratuitas permiten que todos tengamos la misma posibilidad de acceder a ellas y utilizar sus servicios.",Escuela N¬∫ 83 Juan Arzeno - 5to grado
5/4/2021 20:18:19,9,Masculino,En mi casa,"Juego juegos, Miro videos en YouTube, Hago la tarea, Hago videollamadas (por ejemplo por WhatsApp, Zoom, Skype o Meet)","Me ense√±aron en mi casa (mis padres, hermanos u otro familiar)",El m√≠o,"Chateo (por ejemplo en WhatsApp o Telegram), Miro videos en YouTube, Juego juegos",En mi celular,No s√©,Le mando una copia de mi foto.,"No puedo hacer nada, mi amiga ahora tambi√©n tiene la foto y no tengo manera de sac√°rsela.",El mensaje se manda a trav√©s de una antena.,Porque obtienen dinero a trav√©s de las publicidades que nos muestran.,Escuela N¬∫ 83 Juan Arzeno - 4to grado
5/5/2021 1:26:17,9,Masculino,En mi casa,"Juego juegos, Miro videos en YouTube, Hago la tarea",Aprend√≠ solo,El m√≠o,"Chateo (por ejemplo en WhatsApp o Telegram), Miro videos en YouTube, Hablo por tel√©fono",No s√©,Solo yo.,Le mando una copia de mi foto.,"No puedo hacer nada, mi amiga ahora tambi√©n tiene la foto y no tengo manera de sac√°rsela.",El mensaje se manda a trav√©s de una antena.,Porque obtienen dinero a trav√©s de las publicidades que nos muestran.,Escuela N¬∫ 83 Juan Arzeno - 4to grado
5/6/2021 21:52:15,10,Masculino,En mi casa,"Juego juegos, Miro videos en YouTube, Hago la tarea","Me ense√±aron en mi casa (mis padres, hermanos u otro familiar), Aprend√≠ solo",No uso celular,Nunca uso el celular,En la nube,Solo yo.,"La foto ahora existe en WhatsApp y mi amiga la puede ver cuando mira nuestro chat, pero no la tiene en su celular","No puedo hacer nada, mi amiga ahora tambi√©n tiene la foto y no tengo manera de sac√°rsela.",El mensaje se manda a trav√©s de un sat√©lite.,Porque obtienen dinero a trav√©s de las publicidades que nos muestran.,Escuela N¬∫ 83 Juan Arzeno - 5to grado
5/9/2021 0:05:40,9,Femenino,En mi casa,"Juego juegos, Miro videos en YouTube, Hago la tarea, Hago videollamadas (por ejemplo por WhatsApp, Zoom, Skype o Meet)","Me ense√±aron en mi casa (mis padres, hermanos u otro familiar)",El m√≠o,"Chateo (por ejemplo en WhatsApp o Telegram), Miro redes sociales (por ejemplo Facebook, TikTok o Instagram), Miro videos en YouTube, Hablo por tel√©fono, Juego juegos",En la nube,Solo yo.,"La foto ahora existe en WhatsApp y mi amiga la puede ver cuando mira nuestro chat, pero no la tiene en su celular",No s√©,El mensaje se manda a trav√©s de una red de antenas y computadoras.,Porque obtienen dinero a trav√©s de las publicidades que nos muestran.,Escuela N¬∫ 83 Juan Arzeno - 4to grado
5/9/2021 4:44:19,9,Femenino,En mi casa,"Hago la tarea, Hago videollamadas (por ejemplo por WhatsApp, Zoom, Skype o Meet)",Aprend√≠ solo,El m√≠o,"Chateo (por ejemplo en WhatsApp o Telegram), Miro redes sociales (por ejemplo Facebook, TikTok o Instagram), Miro videos en YouTube, Hablo por tel√©fono, Juego juegos",No s√©,Solo yo.,Le mando una copia de mi foto.,Tengo que borrar la foto en el chat.,El mensaje se manda a trav√©s de un sat√©lite.,Porque obtienen dinero a trav√©s de las publicidades que nos muestran.,Escuela N¬∫ 83 Juan Arzeno - 4to grado 
5/9/2021 4:46:00,9,Femenino,En mi casa,"Hago la tarea, Hago videollamadas (por ejemplo por WhatsApp, Zoom, Skype o Meet)",Aprend√≠ solo,El m√≠o,"Chateo (por ejemplo en WhatsApp o Telegram), Miro redes sociales (por ejemplo Facebook, TikTok o Instagram), Miro videos en YouTube, Hablo por tel√©fono, Juego juegos",No s√©,Solo yo.,Le mando una copia de mi foto.,Tengo que borrar la foto en el chat.,El mensaje se manda a trav√©s de un sat√©lite.,Porque obtienen dinero a trav√©s de las publicidades que nos muestran.,Escuela N¬∫ 83 Juan Arzeno - 4to grado
5/10/2021 3:13:43,8,Masculino,En mi casa,Juego juegos,"Me ense√±aron en mi casa (mis padres, hermanos u otro familiar)",El m√≠o,"Miro videos en YouTube, Juego juegos",En la nube,Yo y otras personas.,No s√©,Tengo que borrar la foto en el chat.,El mensaje se manda a trav√©s de un sat√©lite.,Porque al ser gratuitas permiten que todos tengamos la misma posibilidad de acceder a ellas y utilizar sus servicios.,Escuela N¬∫ 83 Juan Arzeno - 4to grado
5/10/2021 15:05:40,10,Masculino,En mi casa,"Juego juegos, Miro videos en YouTube, Hago videollamadas (por ejemplo por WhatsApp, Zoom, Skype o Meet)",Aprend√≠ solo,Me prestan uno,"Chateo (por ejemplo en WhatsApp o Telegram), Hablo por tel√©fono",En la nube,No s√©,"La foto ahora existe en WhatsApp y mi amiga la puede ver cuando mira nuestro chat, pero no la tiene en su celular",Tengo que borrar la foto en el chat.,No s√©,Porque al ser gratuitas permiten que todos tengamos la misma posibilidad de acceder a ellas y utilizar sus servicios.,Escuela N¬∫ 83 Juan Arzeno - 5to grado
5/10/2021 16:28:33,10,Femenino,En mi casa,"Juego juegos, Hago la tarea",Aprend√≠ solo,El m√≠o,"Chateo (por ejemplo en WhatsApp o Telegram), Miro redes sociales (por ejemplo Facebook, TikTok o Instagram), Hablo por tel√©fono, Juego juegos",En la nube,Solo yo.,Le mando una copia de mi foto.,Tengo que borrar la foto en el chat.,No s√©,"Porque obtienen dinero vendiendo nuestros datos e informaci√≥n personal., Porque obtienen dinero a trav√©s de las publicidades que nos muestran.",Escuela N¬∫ 83 Juan Arzeno - 5to grado
5/10/2021 18:41:58,9,Masculino,En la escuela,"No uso computadora, lo que nombra lo hago pero desde mi celu",Aprend√≠ solo,El m√≠o,"Chateo (por ejemplo en WhatsApp o Telegram), Miro redes sociales (por ejemplo Facebook, TikTok o Instagram), Miro videos en YouTube, Hablo por tel√©fono, Juego juegos, tareas de classrom",En la nube,Solo yo.,"La foto ahora existe en WhatsApp y mi amiga la puede ver cuando mira nuestro chat, pero no la tiene en su celular",Tengo que borrar la foto en el chat.,No s√©,"Porque obtienen dinero vendiendo nuestros datos e informaci√≥n personal., Porque obtienen dinero a trav√©s de las publicidades que nos muestran., Porque al ser gratuitas permiten que todos tengamos la misma posibilidad de acceder a ellas y utilizar sus servicios.",Escuela N¬∫ 83 Juan Arzeno - 4to grado
5/11/2021 1:06:19,9,Masculino,En mi casa,Juego juegos,Aprend√≠ solo,El m√≠o,Miro videos en YouTube,En mi celular,Yo y otras personas.,Le mando una copia de mi foto.,No s√©,El mensaje se manda directamente.,Porque al ser gratuitas permiten que todos tengamos la misma posibilidad de acceder a ellas y utilizar sus servicios.,Escuela N¬∫ 83 Juan Arzeno - 4to grado
5/11/2021 1:08:26,9,Masculino,En mi casa,Juego juegos,Aprend√≠ solo,El m√≠o,Miro videos en YouTube,En mi celular,Yo y otras personas.,Le doy permiso para ver la foto que tengo guardada en mi celular.,Tengo que borrar la foto en el chat.,El mensaje se manda directamente.,Porque al ser gratuitas permiten que todos tengamos la misma posibilidad de acceder a ellas y utilizar sus servicios.,Escuela N¬∫ 83 Juan Arzeno - 4to grado
5/11/2021 1:14:34,9,Masculino,En mi casa,Juego juegos,Aprend√≠ solo,El m√≠o,"Miro videos en YouTube, Juego juegos",En mi celular,Yo y otras personas.,Le doy permiso para ver la foto que tengo guardada en mi celular.,Tengo que borrar la foto en el chat.,El mensaje se manda directamente.,Porque al ser gratuitas permiten que todos tengamos la misma posibilidad de acceder a ellas y utilizar sus servicios.,Escuela N¬∫ 83 Juan Arzeno - 4to grado
5/14/2021 1:45:18,9,Masculino,No tengo computadora,No tenemos pc,Aprend√≠ solo,El m√≠o,"Chateo (por ejemplo en WhatsApp o Telegram), Miro redes sociales (por ejemplo Facebook, TikTok o Instagram), Miro videos en YouTube, Hablo por tel√©fono, Juego juegos",No s√©,Solo yo.,Le mando una copia de mi foto.,"No puedo hacer nada, mi amiga ahora tambi√©n tiene la foto y no tengo manera de sac√°rsela.",El mensaje se manda directamente.,Porque obtienen dinero a trav√©s de las publicidades que nos muestran.,Escuela N¬∫ 83 Juan Arzeno - 4to grado
5/14/2021 14:41:58,11,Masculino,En mi casa,Hago la tarea,Me ense√±aron en la escuela,El m√≠o,"Miro videos en YouTube, Hablo por tel√©fono",En una computadora,Yo y otras personas.,Le doy permiso para ver la foto que tengo guardada en mi celular.,Tengo que borrar la foto en el chat.,El mensaje se manda a trav√©s de la nube.,Porque ya tienen suficiente dinero y no necesitan m√°s.,Escuela Gabriela Mistral - 6to grado
5/14/2021 14:58:38,9,Femenino,En mi casa,"Juego juegos, Miro videos en YouTube, Hago la tarea, Hago videollamadas (por ejemplo por WhatsApp, Zoom, Skype o Meet)",Me ense√±aron en la escuela,El m√≠o,"Chateo (por ejemplo en WhatsApp o Telegram), Miro redes sociales (por ejemplo Facebook, TikTok o Instagram), Miro videos en YouTube, Hablo por tel√©fono, Juego juegos",No s√©,Solo yo.,"La foto ahora existe en WhatsApp y mi amiga la puede ver cuando mira nuestro chat, pero no la tiene en su celular","No puedo hacer nada, mi amiga ahora tambi√©n tiene la foto y no tengo manera de sac√°rsela.",No s√©,Porque todo lo que est√° en Internet es gratuito.,Escuela Gabriela Mistral - 5to grado
5/14/2021 14:58:45,10,Masculino,En mi casa,"Juego juegos, Miro videos en YouTube, Hago la tarea, Hago videollamadas (por ejemplo por WhatsApp, Zoom, Skype o Meet)","Me ense√±aron en mi casa (mis padres, hermanos u otro familiar), Me ense√±aron en la escuela",El m√≠o,Juego juegos,En mi celular,Yo y otras personas.,No s√©,No s√©,No s√©,Porque al ser gratuitas permiten que todos tengamos la misma posibilidad de acceder a ellas y utilizar sus servicios.,Escuela Gabriela Mistral - 5to grado
5/14/2021 16:15:53,10,Masculino,En mi casa,"Juego juegos, Miro videos en YouTube, Hago la tarea","Me ense√±aron en mi casa (mis padres, hermanos u otro familiar), Me ense√±aron en la escuela",El m√≠o,"Chateo (por ejemplo en WhatsApp o Telegram), Miro redes sociales (por ejemplo Facebook, TikTok o Instagram), Miro videos en YouTube, Hablo por tel√©fono",En mi celular,Yo y otras personas.,Le doy permiso para ver la foto que tengo guardada en mi celular.,Tengo que borrar la foto en el chat.,El mensaje se manda a trav√©s de una antena.,"Porque ya tienen suficiente dinero y no necesitan m√°s., Porque obtienen dinero vendiendo nuestros datos e informaci√≥n personal., Porque obtienen dinero a trav√©s de las publicidades que nos muestran.",Escuela Gabriela Mistral - 5to grado
5/15/2021 1:11:26,11,Femenino,En mi casa,"Juego juegos, Miro videos en YouTube, Hago la tarea, Hago videollamadas (por ejemplo por WhatsApp, Zoom, Skype o Meet)","Me ense√±aron en mi casa (mis padres, hermanos u otro familiar), Me ense√±aron en la escuela",El m√≠o,"Chateo (por ejemplo en WhatsApp o Telegram), Miro redes sociales (por ejemplo Facebook, TikTok o Instagram), Miro videos en YouTube, Juego juegos",En mi celular,Solo yo.,Le mando una copia de mi foto.,"No puedo hacer nada, mi amiga ahora tambi√©n tiene la foto y no tengo manera de sac√°rsela.",No s√©,"Porque obtienen dinero vendiendo nuestros datos e informaci√≥n personal., Porque obtienen dinero a trav√©s de las publicidades que nos muestran.",Escuela Gabriela Mistral - 6to grado
5/17/2021 3:40:54,9,Femenino,En mi casa,"Juego juegos, Miro videos en YouTube, Hago la tarea, Hago videollamadas (por ejemplo por WhatsApp, Zoom, Skype o Meet)","Me ense√±aron en mi casa (mis padres, hermanos u otro familiar)",No uso celular,Nunca uso el celular,En la nube,Solo yo.,Le mando una copia de mi foto.,Tengo que borrar la foto en el chat.,El mensaje se manda a trav√©s de la nube.,Porque obtienen dinero a trav√©s de las publicidades que nos muestran.,Escuela Gabriela Mistral - 4to grado
5/18/2021 1:20:29,9,Femenino,En mi casa,"Juego juegos, Hago la tarea, estoy en las clases","Me ense√±aron en mi casa (mis padres, hermanos u otro familiar), Me ense√±aron en la escuela",Me prestan uno,"Chateo (por ejemplo en WhatsApp o Telegram), Hablo por tel√©fono",No s√©,Yo y otras personas.,Le mando una copia de mi foto.,"No puedo hacer nada, mi amiga ahora tambi√©n tiene la foto y no tengo manera de sac√°rsela.",No s√©,Porque obtienen dinero a trav√©s de las publicidades que nos muestran.,Escuela N¬∫ 83 Juan Arzeno - 4to grado
5/18/2021 1:29:37,8,Masculino,En mi casa,Hago la tarea,"Me ense√±aron en mi casa (mis padres, hermanos u otro familiar)",Me prestan uno,"Miro videos en YouTube, Hablo por tel√©fono, Juego juegos",En la nube,No s√©,"La foto ahora existe en WhatsApp y mi amiga la puede ver cuando mira nuestro chat, pero no la tiene en su celular","No puedo hacer nada, mi amiga ahora tambi√©n tiene la foto y no tengo manera de sac√°rsela.",El mensaje se manda a trav√©s de un sat√©lite.,Porque obtienen dinero a trav√©s de las publicidades que nos muestran.,"Arzeno, 3er grado"